ECO60 BGI 26 1/4 X 25 3/4,ECO70 BG FIXED 72 1/2 X 35 1/2,False
ECO60 BGI 26 1/4 X 25 3/4,ECO60 BGI 26 1/4 X 25 3/4,False
ECO60 BGI 26 1/4 X 25 3/4,ES-MX4000 BG XX 95 3/4 X 79 3/4,False
ECO60 BGI 26 1/4 X 25 3/4,MG300 BGI 26 1/4 X 25 3/4,False
ECO60 BGI 26 1/4 X 25 3/4,MG350 BGI 26 1/4 X 25 3/4,False
ECO60 BGI 26 1/4 X 25 3/4,MG1500 BC XO 72 X 80,False
ECO60 BGI 26 1/4 X 25 3/4,MG1500 BG XX 59 3/4 X 79 3/4,False
ECO60 BGI 26 1/4 X 25 3/4,MG1500 BG XX 95 3/4 X 79 3/4,False
ECO60 BGI 26 1/4 X 25 3/4,MG1500 BG XX 71 3/4 X 79 3/4,False
MG3000 WGI XL 39 X 81.5,MG600 WG 36 3/4 X 38 1/8,False
MG3000 WGI XL 39 X 81.5,ECO60 WGI 36 3/4 X 38 1/8,False
MG3000 WGI XL 39 X 81.5,MG600 WG 36 3/4 X 50 3/8,False
MG3000 WGI XL 39 X 81.5,ECO600 WGI XR 38 1/2 X 81 1/2,False
MG3000 WGI XL 39 X 81.5,ECO600 WGI XL 38 X 81,False
MG3000 WGI XL 39 X 81.5,ECO600 WGI XR 38 X 81,False
MG3000 WGI XL 39 X 81.5,ECO600 WGI XR 39 X 81 1/2,False
MG3000 WGI XL 39 X 81.5,ECO600 WGI XL 39 X 81 1/2,False
MG3000 WGI XL 39 X 81.5,ECO50 WG 36 3/4 X 74,False
MG3000 WGI XL 39 X 81.5,ECO700 WG 71 3/4 x 79 3/4,False
MG3000 WGI XL 39 X 81.5,ES-MX3000 WG XX 72 X 80,False
MG3000 WGI XL 39 X 81.5,ES-MX2000 WG XO 73 3/4 X 62 3/4,False
MG3000 WGI XL 39 X 81.5,MG3000 WG XR 37 X 80,False
MG3000 WGI XL 39 X 81.5,MG3000 WGI XR 38 1/2 X 81 1/2,False
MG3000 WGI XL 39 X 81.5,MG3000 WGI XL 38 X 81,False
MG3000 WGI XL 39 X 81.5,MG3000 WG XL 37 X 80,False
MG3000 WGI XL 39 X 81.5,MG3000 WGI XL 39 X 81.5,False
MG3000 WGI XL 39 X 81.5,MG3000 WGI XR 39 X 81 1/2,False
MG3000 WGI XL 39 X 81.5,MG300 WG 36 3/4 X 38 1/8,False
MG3000 WGI XL 39 X 81.5,MG300 WGI 36 3/4 X 38 1/8,False
MG3000 WGI XL 39 X 81.5,MG350 WG 36 3/4 X 38 1/8,False
MG3000 WGI XL 39 X 81.5,MG350 WG 36 3/4 X 50 3/8,False
MG3000 WGI XL 39 X 81.5,MG350 WGI 36 3/4 X 38 1/8,False
MG3000 WGI XL 39 X 81.5,MG350 WGI 36 3/4 X 25 3/4,False
MG3000 WGI XL 39 X 81.5,MG350 PW WG 36 3/4 X 62 3/4,False
MG3000 WGI XL 39 X 81.5,MG350 PW WG 36 3/4 X 74,False
MG3000 WGI XL 39 X 81.5,MG350 SH WG 36 3/4 X 38 1/8,False
MG3000 WGI XL 39 X 81.5,MG350 SH WG 36 3/4 X 50 3/8,False
MG3000 WGI XL 39 X 81.5,MG350 SH WG 36 3/4 X 62 3/4,False
MG3000 WGI XL 39 X 81.5,MG350 SH WG 36 3/4 X 74,False
MG3000 WGI XL 39 X 81.5,MG200 WG 36 1/2 X 66,False
MG3000 WGI XL 39 X 81.5,MG200 WG 36 3/4 X 62 3/4,False
MG3000 WGI XL 39 X 81.5,MG200 WG 36 3/4 X 38 1/8,False
MG3000 WGI XL 39 X 81.5,MG200 WG 36 3/4 X 50 3/8,False
MG3000 WGI XL 39 X 81.5,MG200 WG 36 3/4 X 74,False
MG3000 WGI XL 39 X 81.5,ECO600 WGI XL 38 1/2 X 81 1/2,False
MG3000 WGI XL 39 X 81.5,MG1500 WG XX 59 3/4 X 79 3/4,False
MG3000 WGI XL 39 X 81.5,MG300 WGI 36 3/4 X 25 3/4,False
MG3000 WGI XL 39 X 81.5,MG1500 WG XX 95 3/4 X 79 3/4,False
MG3000 WGI XL 39 X 81.5,MG3000 WGI XR 38 X 81,False
MG3000 WGI XL 39 X 81.5,MG3000 WGI XL 38 1/2 X 81 1/2,False
MG3000 WGI XL 39 X 81.5,MG300 WG 36 3/4 X 50 3/8,False
MG3000 WGI XL 39 X 81.5,MG1500 WG XX 71 3/4 X 79 3/4,False
ECO60 BGI 26 1/4 X 25 3/4,ECO70 BG FIXED 72 1/2 X 35 1/2,False
ECO60 BGI 26 1/4 X 25 3/4,ECO60 BGI 26 1/4 X 25 3/4,False
ECO60 BGI 26 1/4 X 25 3/4,ES-MX4000 BG XX 95 3/4 X 79 3/4,False
ECO60 BGI 26 1/4 X 25 3/4,MG300 BGI 26 1/4 X 25 3/4,False
ECO60 BGI 26 1/4 X 25 3/4,MG350 BGI 26 1/4 X 25 3/4,False
ECO60 BGI 26 1/4 X 25 3/4,MG1500 BC XO 72 X 80,False
ECO60 BGI 26 1/4 X 25 3/4,MG1500 BG XX 59 3/4 X 79 3/4,False
ECO60 BGI 26 1/4 X 25 3/4,MG1500 BG XX 95 3/4 X 79 3/4,False
ECO60 BGI 26 1/4 X 25 3/4,MG1500 BG XX 71 3/4 X 79 3/4,False
MG3000 WGI XL 39 X 81.5,MG600 WG 36 3/4 X 38 1/8,False
MG3000 WGI XL 39 X 81.5,ECO60 WGI 36 3/4 X 38 1/8,False
MG3000 WGI XL 39 X 81.5,MG600 WG 36 3/4 X 50 3/8,False
MG3000 WGI XL 39 X 81.5,ECO600 WGI XR 38 1/2 X 81 1/2,False
MG3000 WGI XL 39 X 81.5,ECO600 WGI XL 38 X 81,False
MG3000 WGI XL 39 X 81.5,ECO600 WGI XR 38 X 81,False
MG3000 WGI XL 39 X 81.5,ECO600 WGI XR 39 X 81 1/2,False
MG3000 WGI XL 39 X 81.5,ECO600 WGI XL 39 X 81 1/2,False
MG3000 WGI XL 39 X 81.5,ECO50 WG 36 3/4 X 74,False
MG3000 WGI XL 39 X 81.5,ECO700 WG 71 3/4 x 79 3/4,False
MG3000 WGI XL 39 X 81.5,ES-MX3000 WG XX 72 X 80,False
MG3000 WGI XL 39 X 81.5,ES-MX2000 WG XO 73 3/4 X 62 3/4,False
MG3000 WGI XL 39 X 81.5,MG3000 WG XR 37 X 80,False
MG3000 WGI XL 39 X 81.5,MG3000 WGI XR 38 1/2 X 81 1/2,False
MG3000 WGI XL 39 X 81.5,MG3000 WGI XL 38 X 81,False
MG3000 WGI XL 39 X 81.5,MG3000 WG XL 37 X 80,False
MG3000 WGI XL 39 X 81.5,MG3000 WGI XL 39 X 81.5,False
MG3000 WGI XL 39 X 81.5,MG3000 WGI XR 39 X 81 1/2,False
MG3000 WGI XL 39 X 81.5,MG300 WG 36 3/4 X 38 1/8,False
MG3000 WGI XL 39 X 81.5,MG300 WGI 36 3/4 X 38 1/8,False
MG3000 WGI XL 39 X 81.5,MG350 WG 36 3/4 X 38 1/8,False
MG3000 WGI XL 39 X 81.5,MG350 WG 36 3/4 X 50 3/8,False
MG3000 WGI XL 39 X 81.5,MG350 WGI 36 3/4 X 38 1/8,False
MG3000 WGI XL 39 X 81.5,MG350 WGI 36 3/4 X 25 3/4,False
MG3000 WGI XL 39 X 81.5,MG350 PW WG 36 3/4 X 62 3/4,False
MG3000 WGI XL 39 X 81.5,MG350 PW WG 36 3/4 X 74,False
MG3000 WGI XL 39 X 81.5,MG350 SH WG 36 3/4 X 38 1/8,False
MG3000 WGI XL 39 X 81.5,MG350 SH WG 36 3/4 X 50 3/8,False
MG3000 WGI XL 39 X 81.5,MG350 SH WG 36 3/4 X 62 3/4,False
MG3000 WGI XL 39 X 81.5,MG350 SH WG 36 3/4 X 74,False
MG3000 WGI XL 39 X 81.5,MG200 WG 36 1/2 X 66,False
MG3000 WGI XL 39 X 81.5,MG200 WG 36 3/4 X 62 3/4,False
MG3000 WGI XL 39 X 81.5,MG200 WG 36 3/4 X 38 1/8,False
MG3000 WGI XL 39 X 81.5,MG200 WG 36 3/4 X 50 3/8,False
MG3000 WGI XL 39 X 81.5,MG200 WG 36 3/4 X 74,False
MG3000 WGI XL 39 X 81.5,ECO600 WGI XL 38 1/2 X 81 1/2,False
MG3000 WGI XL 39 X 81.5,MG1500 WG XX 59 3/4 X 79 3/4,False
MG3000 WGI XL 39 X 81.5,MG300 WGI 36 3/4 X 25 3/4,False
MG3000 WGI XL 39 X 81.5,MG1500 WG XX 95 3/4 X 79 3/4,False
MG3000 WGI XL 39 X 81.5,MG3000 WGI XR 38 X 81,False
MG3000 WGI XL 39 X 81.5,MG3000 WGI XL 38 1/2 X 81 1/2,False
MG3000 WGI XL 39 X 81.5,MG300 WG 36 3/4 X 50 3/8,False
MG3000 WGI XL 39 X 81.5,MG1500 WG XX 71 3/4 X 79 3/4,False
ECO60 BGI 26 1/4 X 25 3/4,ECO70 BG FIXED 72 1/2 X 35 1/2,False
ECO60 BGI 26 1/4 X 25 3/4,ECO60 BGI 26 1/4 X 25 3/4,False
ECO60 BGI 26 1/4 X 25 3/4,ES-MX4000 BG XX 95 3/4 X 79 3/4,False
ECO60 BGI 26 1/4 X 25 3/4,MG300 BGI 26 1/4 X 25 3/4,False
ECO60 BGI 26 1/4 X 25 3/4,MG350 BGI 26 1/4 X 25 3/4,False
ECO60 BGI 26 1/4 X 25 3/4,MG1500 BC XO 72 X 80,False
ECO60 BGI 26 1/4 X 25 3/4,MG1500 BG XX 59 3/4 X 79 3/4,False
ECO60 BGI 26 1/4 X 25 3/4,MG1500 BG XX 95 3/4 X 79 3/4,False
ECO60 BGI 26 1/4 X 25 3/4,MG1500 BG XX 71 3/4 X 79 3/4,False
MG3000 WGI XL 39 X 81.5,MG600 WG 36 3/4 X 38 1/8,False
MG3000 WGI XL 39 X 81.5,ECO60 WGI 36 3/4 X 38 1/8,False
MG3000 WGI XL 39 X 81.5,MG600 WG 36 3/4 X 50 3/8,False
MG3000 WGI XL 39 X 81.5,ECO600 WGI XR 38 1/2 X 81 1/2,False
MG3000 WGI XL 39 X 81.5,ECO600 WGI XL 38 X 81,False
MG3000 WGI XL 39 X 81.5,ECO600 WGI XR 38 X 81,False
MG3000 WGI XL 39 X 81.5,ECO600 WGI XR 39 X 81 1/2,False
MG3000 WGI XL 39 X 81.5,ECO600 WGI XL 39 X 81 1/2,False
MG3000 WGI XL 39 X 81.5,ECO50 WG 36 3/4 X 74,False
MG3000 WGI XL 39 X 81.5,ECO700 WG 71 3/4 x 79 3/4,False
MG3000 WGI XL 39 X 81.5,ES-MX3000 WG XX 72 X 80,False
MG3000 WGI XL 39 X 81.5,ES-MX2000 WG XO 73 3/4 X 62 3/4,False
MG3000 WGI XL 39 X 81.5,MG3000 WG XR 37 X 80,False
MG3000 WGI XL 39 X 81.5,MG3000 WGI XR 38 1/2 X 81 1/2,False
MG3000 WGI XL 39 X 81.5,MG3000 WGI XL 38 X 81,False
MG3000 WGI XL 39 X 81.5,MG3000 WG XL 37 X 80,False
MG3000 WGI XL 39 X 81.5,MG3000 WGI XL 39 X 81.5,False
MG3000 WGI XL 39 X 81.5,MG3000 WGI XR 39 X 81 1/2,False
MG3000 WGI XL 39 X 81.5,MG300 WG 36 3/4 X 38 1/8,False
MG3000 WGI XL 39 X 81.5,MG300 WGI 36 3/4 X 38 1/8,False
MG3000 WGI XL 39 X 81.5,MG350 WG 36 3/4 X 38 1/8,False
MG3000 WGI XL 39 X 81.5,MG350 WG 36 3/4 X 50 3/8,False
MG3000 WGI XL 39 X 81.5,MG350 WGI 36 3/4 X 38 1/8,False
MG3000 WGI XL 39 X 81.5,MG350 WGI 36 3/4 X 25 3/4,False
MG3000 WGI XL 39 X 81.5,MG350 PW WG 36 3/4 X 62 3/4,False
MG3000 WGI XL 39 X 81.5,MG350 PW WG 36 3/4 X 74,False
MG3000 WGI XL 39 X 81.5,MG350 SH WG 36 3/4 X 38 1/8,False
MG3000 WGI XL 39 X 81.5,MG350 SH WG 36 3/4 X 50 3/8,False
MG3000 WGI XL 39 X 81.5,MG350 SH WG 36 3/4 X 62 3/4,False
MG3000 WGI XL 39 X 81.5,MG350 SH WG 36 3/4 X 74,False
MG3000 WGI XL 39 X 81.5,MG200 WG 36 1/2 X 66,False
MG3000 WGI XL 39 X 81.5,MG200 WG 36 3/4 X 62 3/4,False
MG3000 WGI XL 39 X 81.5,MG200 WG 36 3/4 X 38 1/8,False
MG3000 WGI XL 39 X 81.5,MG200 WG 36 3/4 X 50 3/8,False
MG3000 WGI XL 39 X 81.5,MG200 WG 36 3/4 X 74,False
MG3000 WGI XL 39 X 81.5,ECO600 WGI XL 38 1/2 X 81 1/2,False
MG3000 WGI XL 39 X 81.5,MG1500 WG XX 59 3/4 X 79 3/4,False
MG3000 WGI XL 39 X 81.5,MG300 WGI 36 3/4 X 25 3/4,False
MG3000 WGI XL 39 X 81.5,MG1500 WG XX 95 3/4 X 79 3/4,False
MG3000 WGI XL 39 X 81.5,MG3000 WGI XR 38 X 81,False
MG3000 WGI XL 39 X 81.5,MG3000 WGI XL 38 1/2 X 81 1/2,False
MG3000 WGI XL 39 X 81.5,MG300 WG 36 3/4 X 50 3/8,False
MG3000 WGI XL 39 X 81.5,MG1500 WG XX 71 3/4 X 79 3/4,False
ECO60 BGI 26 1/4 X 25 3/4,ECO70 BG FIXED 72 1/2 X 35 1/2,False
ECO60 BGI 26 1/4 X 25 3/4,ECO60 BGI 26 1/4 X 25 3/4,False
ECO60 BGI 26 1/4 X 25 3/4,ES-MX4000 BG XX 95 3/4 X 79 3/4,False
ECO60 BGI 26 1/4 X 25 3/4,MG300 BGI 26 1/4 X 25 3/4,False
ECO60 BGI 26 1/4 X 25 3/4,MG350 BGI 26 1/4 X 25 3/4,False
ECO60 BGI 26 1/4 X 25 3/4,MG1500 BC XO 72 X 80,False
ECO60 BGI 26 1/4 X 25 3/4,MG1500 BG XX 59 3/4 X 79 3/4,False
ECO60 BGI 26 1/4 X 25 3/4,MG1500 BG XX 95 3/4 X 79 3/4,False
ECO60 BGI 26 1/4 X 25 3/4,MG1500 BG XX 71 3/4 X 79 3/4,False
MG3000 WGI XL 39 X 81.5,MG600 WG 36 3/4 X 38 1/8,False
MG3000 WGI XL 39 X 81.5,ECO60 WGI 36 3/4 X 38 1/8,False
MG3000 WGI XL 39 X 81.5,MG600 WG 36 3/4 X 50 3/8,False
MG3000 WGI XL 39 X 81.5,ECO600 WGI XR 38 1/2 X 81 1/2,False
MG3000 WGI XL 39 X 81.5,ECO600 WGI XL 38 X 81,False
MG3000 WGI XL 39 X 81.5,ECO600 WGI XR 38 X 81,False
MG3000 WGI XL 39 X 81.5,ECO600 WGI XR 39 X 81 1/2,False
MG3000 WGI XL 39 X 81.5,ECO600 WGI XL 39 X 81 1/2,False
MG3000 WGI XL 39 X 81.5,ECO50 WG 36 3/4 X 74,False
MG3000 WGI XL 39 X 81.5,ECO700 WG 71 3/4 x 79 3/4,False
MG3000 WGI XL 39 X 81.5,ES-MX3000 WG XX 72 X 80,False
MG3000 WGI XL 39 X 81.5,ES-MX2000 WG XO 73 3/4 X 62 3/4,False
MG3000 WGI XL 39 X 81.5,MG3000 WG XR 37 X 80,False
MG3000 WGI XL 39 X 81.5,MG3000 WGI XR 38 1/2 X 81 1/2,False
MG3000 WGI XL 39 X 81.5,MG3000 WGI XL 38 X 81,False
MG3000 WGI XL 39 X 81.5,MG3000 WG XL 37 X 80,False
MG3000 WGI XL 39 X 81.5,MG3000 WGI XL 39 X 81.5,False
MG3000 WGI XL 39 X 81.5,MG3000 WGI XR 39 X 81 1/2,False
MG3000 WGI XL 39 X 81.5,MG300 WG 36 3/4 X 38 1/8,False
MG3000 WGI XL 39 X 81.5,MG300 WGI 36 3/4 X 38 1/8,False
MG3000 WGI XL 39 X 81.5,MG350 WG 36 3/4 X 38 1/8,False
MG3000 WGI XL 39 X 81.5,MG350 WG 36 3/4 X 50 3/8,False
MG3000 WGI XL 39 X 81.5,MG350 WGI 36 3/4 X 38 1/8,False
MG3000 WGI XL 39 X 81.5,MG350 WGI 36 3/4 X 25 3/4,False
MG3000 WGI XL 39 X 81.5,MG350 PW WG 36 3/4 X 62 3/4,False
MG3000 WGI XL 39 X 81.5,MG350 PW WG 36 3/4 X 74,False
MG3000 WGI XL 39 X 81.5,MG350 SH WG 36 3/4 X 38 1/8,False
MG3000 WGI XL 39 X 81.5,MG350 SH WG 36 3/4 X 50 3/8,False
MG3000 WGI XL 39 X 81.5,MG350 SH WG 36 3/4 X 62 3/4,False
MG3000 WGI XL 39 X 81.5,MG350 SH WG 36 3/4 X 74,False
MG3000 WGI XL 39 X 81.5,MG200 WG 36 1/2 X 66,False
MG3000 WGI XL 39 X 81.5,MG200 WG 36 3/4 X 62 3/4,False
MG3000 WGI XL 39 X 81.5,MG200 WG 36 3/4 X 38 1/8,False
MG3000 WGI XL 39 X 81.5,MG200 WG 36 3/4 X 50 3/8,False
MG3000 WGI XL 39 X 81.5,MG200 WG 36 3/4 X 74,False
MG3000 WGI XL 39 X 81.5,ECO600 WGI XL 38 1/2 X 81 1/2,False
MG3000 WGI XL 39 X 81.5,MG1500 WG XX 59 3/4 X 79 3/4,False
MG3000 WGI XL 39 X 81.5,MG300 WGI 36 3/4 X 25 3/4,False
MG3000 WGI XL 39 X 81.5,MG1500 WG XX 95 3/4 X 79 3/4,False
MG3000 WGI XL 39 X 81.5,MG3000 WGI XR 38 X 81,False
MG3000 WGI XL 39 X 81.5,MG3000 WGI XL 38 1/2 X 81 1/2,False
MG3000 WGI XL 39 X 81.5,MG300 WG 36 3/4 X 50 3/8,False
MG3000 WGI XL 39 X 81.5,MG1500 WG XX 71 3/4 X 79 3/4,False
ECO60 BGI 26 1/4 X 25 3/4,ECO70 BG FIXED 72 1/2 X 35 1/2,False
ECO60 BGI 26 1/4 X 25 3/4,ECO60 BGI 26 1/4 X 25 3/4,False
ECO60 BGI 26 1/4 X 25 3/4,ES-MX4000 BG XX 95 3/4 X 79 3/4,False
ECO60 BGI 26 1/4 X 25 3/4,MG300 BGI 26 1/4 X 25 3/4,False
ECO60 BGI 26 1/4 X 25 3/4,MG350 BGI 26 1/4 X 25 3/4,False
ECO60 BGI 26 1/4 X 25 3/4,MG1500 BC XO 72 X 80,False
ECO60 BGI 26 1/4 X 25 3/4,MG1500 BG XX 59 3/4 X 79 3/4,False
ECO60 BGI 26 1/4 X 25 3/4,MG1500 BG XX 95 3/4 X 79 3/4,False
ECO60 BGI 26 1/4 X 25 3/4,MG1500 BG XX 71 3/4 X 79 3/4,False
MG3000 WGI XL 39 X 81.5,MG600 WG 36 3/4 X 38 1/8,False
MG3000 WGI XL 39 X 81.5,ECO60 WGI 36 3/4 X 38 1/8,False
MG3000 WGI XL 39 X 81.5,MG600 WG 36 3/4 X 50 3/8,False
MG3000 WGI XL 39 X 81.5,ECO600 WGI XR 38 1/2 X 81 1/2,False
MG3000 WGI XL 39 X 81.5,ECO600 WGI XL 38 X 81,False
MG3000 WGI XL 39 X 81.5,ECO600 WGI XR 38 X 81,False
MG3000 WGI XL 39 X 81.5,ECO600 WGI XR 39 X 81 1/2,False
MG3000 WGI XL 39 X 81.5,ECO600 WGI XL 39 X 81 1/2,False
MG3000 WGI XL 39 X 81.5,ECO50 WG 36 3/4 X 74,False
MG3000 WGI XL 39 X 81.5,ECO700 WG 71 3/4 x 79 3/4,False
MG3000 WGI XL 39 X 81.5,ES-MX3000 WG XX 72 X 80,False
MG3000 WGI XL 39 X 81.5,ES-MX2000 WG XO 73 3/4 X 62 3/4,False
MG3000 WGI XL 39 X 81.5,MG3000 WG XR 37 X 80,False
MG3000 WGI XL 39 X 81.5,MG3000 WGI XR 38 1/2 X 81 1/2,False
MG3000 WGI XL 39 X 81.5,MG3000 WGI XL 38 X 81,False
MG3000 WGI XL 39 X 81.5,MG3000 WG XL 37 X 80,False
MG3000 WGI XL 39 X 81.5,MG3000 WGI XL 39 X 81.5,False
MG3000 WGI XL 39 X 81.5,MG3000 WGI XR 39 X 81 1/2,False
MG3000 WGI XL 39 X 81.5,MG300 WG 36 3/4 X 38 1/8,False
MG3000 WGI XL 39 X 81.5,MG300 WGI 36 3/4 X 38 1/8,False
MG3000 WGI XL 39 X 81.5,MG350 WG 36 3/4 X 38 1/8,False
MG3000 WGI XL 39 X 81.5,MG350 WG 36 3/4 X 50 3/8,False
MG3000 WGI XL 39 X 81.5,MG350 WGI 36 3/4 X 38 1/8,False
MG3000 WGI XL 39 X 81.5,MG350 WGI 36 3/4 X 25 3/4,False
MG3000 WGI XL 39 X 81.5,MG350 PW WG 36 3/4 X 62 3/4,False
MG3000 WGI XL 39 X 81.5,MG350 PW WG 36 3/4 X 74,False
MG3000 WGI XL 39 X 81.5,MG350 SH WG 36 3/4 X 38 1/8,False
MG3000 WGI XL 39 X 81.5,MG350 SH WG 36 3/4 X 50 3/8,False
MG3000 WGI XL 39 X 81.5,MG350 SH WG 36 3/4 X 62 3/4,False
MG3000 WGI XL 39 X 81.5,MG350 SH WG 36 3/4 X 74,False
MG3000 WGI XL 39 X 81.5,MG200 WG 36 1/2 X 66,False
MG3000 WGI XL 39 X 81.5,MG200 WG 36 3/4 X 62 3/4,False
MG3000 WGI XL 39 X 81.5,MG200 WG 36 3/4 X 38 1/8,False
MG3000 WGI XL 39 X 81.5,MG200 WG 36 3/4 X 50 3/8,False
MG3000 WGI XL 39 X 81.5,MG200 WG 36 3/4 X 74,False
MG3000 WGI XL 39 X 81.5,ECO600 WGI XL 38 1/2 X 81 1/2,False
MG3000 WGI XL 39 X 81.5,MG1500 WG XX 59 3/4 X 79 3/4,False
MG3000 WGI XL 39 X 81.5,MG300 WGI 36 3/4 X 25 3/4,False
MG3000 WGI XL 39 X 81.5,MG1500 WG XX 95 3/4 X 79 3/4,False
MG3000 WGI XL 39 X 81.5,MG3000 WGI XR 38 X 81,False
MG3000 WGI XL 39 X 81.5,MG3000 WGI XL 38 1/2 X 81 1/2,False
MG3000 WGI XL 39 X 81.5,MG300 WG 36 3/4 X 50 3/8,False
MG3000 WGI XL 39 X 81.5,MG1500 WG XX 71 3/4 X 79 3/4,False
ECO60 BGI 26 1/4 X 25 3/4,ECO70 BG FIXED 72 1/2 X 35 1/2,False
ECO60 BGI 26 1/4 X 25 3/4,ECO60 BGI 26 1/4 X 25 3/4,False
ECO60 BGI 26 1/4 X 25 3/4,ES-MX4000 BG XX 95 3/4 X 79 3/4,False
ECO60 BGI 26 1/4 X 25 3/4,MG300 BGI 26 1/4 X 25 3/4,False
ECO60 BGI 26 1/4 X 25 3/4,MG350 BGI 26 1/4 X 25 3/4,False
ECO60 BGI 26 1/4 X 25 3/4,MG1500 BC XO 72 X 80,False
ECO60 BGI 26 1/4 X 25 3/4,MG1500 BG XX 59 3/4 X 79 3/4,False
ECO60 BGI 26 1/4 X 25 3/4,MG1500 BG XX 95 3/4 X 79 3/4,False
ECO60 BGI 26 1/4 X 25 3/4,MG1500 BG XX 71 3/4 X 79 3/4,False
MG3000 WGI XL 39 X 81.5,MG600 WG 36 3/4 X 38 1/8,False
MG3000 WGI XL 39 X 81.5,ECO60 WGI 36 3/4 X 38 1/8,False
MG3000 WGI XL 39 X 81.5,MG600 WG 36 3/4 X 50 3/8,False
MG3000 WGI XL 39 X 81.5,ECO600 WGI XR 38 1/2 X 81 1/2,False
MG3000 WGI XL 39 X 81.5,ECO600 WGI XL 38 X 81,False
MG3000 WGI XL 39 X 81.5,ECO600 WGI XR 38 X 81,False
MG3000 WGI XL 39 X 81.5,ECO600 WGI XR 39 X 81 1/2,False
MG3000 WGI XL 39 X 81.5,ECO600 WGI XL 39 X 81 1/2,False
MG3000 WGI XL 39 X 81.5,ECO50 WG 36 3/4 X 74,False
MG3000 WGI XL 39 X 81.5,ECO700 WG 71 3/4 x 79 3/4,False
MG3000 WGI XL 39 X 81.5,ES-MX3000 WG XX 72 X 80,False
MG3000 WGI XL 39 X 81.5,ES-MX2000 WG XO 73 3/4 X 62 3/4,False
MG3000 WGI XL 39 X 81.5,MG3000 WG XR 37 X 80,False
MG3000 WGI XL 39 X 81.5,MG3000 WGI XR 38 1/2 X 81 1/2,False
MG3000 WGI XL 39 X 81.5,MG3000 WGI XL 38 X 81,False
MG3000 WGI XL 39 X 81.5,MG3000 WG XL 37 X 80,False
MG3000 WGI XL 39 X 81.5,MG3000 WGI XL 39 X 81.5,False
MG3000 WGI XL 39 X 81.5,MG3000 WGI XR 39 X 81 1/2,False
MG3000 WGI XL 39 X 81.5,MG300 WG 36 3/4 X 38 1/8,False
MG3000 WGI XL 39 X 81.5,MG300 WGI 36 3/4 X 38 1/8,False
MG3000 WGI XL 39 X 81.5,MG350 WG 36 3/4 X 38 1/8,False
MG3000 WGI XL 39 X 81.5,MG350 WG 36 3/4 X 50 3/8,False
MG3000 WGI XL 39 X 81.5,MG350 WGI 36 3/4 X 38 1/8,False
MG3000 WGI XL 39 X 81.5,MG350 WGI 36 3/4 X 25 3/4,False
MG3000 WGI XL 39 X 81.5,MG350 PW WG 36 3/4 X 62 3/4,False
MG3000 WGI XL 39 X 81.5,MG350 PW WG 36 3/4 X 74,False
MG3000 WGI XL 39 X 81.5,MG350 SH WG 36 3/4 X 38 1/8,False
MG3000 WGI XL 39 X 81.5,MG350 SH WG 36 3/4 X 50 3/8,False
MG3000 WGI XL 39 X 81.5,MG350 SH WG 36 3/4 X 62 3/4,False
MG3000 WGI XL 39 X 81.5,MG350 SH WG 36 3/4 X 74,False
MG3000 WGI XL 39 X 81.5,MG200 WG 36 1/2 X 66,False
MG3000 WGI XL 39 X 81.5,MG200 WG 36 3/4 X 62 3/4,False
MG3000 WGI XL 39 X 81.5,MG200 WG 36 3/4 X 38 1/8,False
MG3000 WGI XL 39 X 81.5,MG200 WG 36 3/4 X 50 3/8,False
MG3000 WGI XL 39 X 81.5,MG200 WG 36 3/4 X 74,False
MG3000 WGI XL 39 X 81.5,ECO600 WGI XL 38 1/2 X 81 1/2,False
MG3000 WGI XL 39 X 81.5,MG1500 WG XX 59 3/4 X 79 3/4,False
MG3000 WGI XL 39 X 81.5,MG300 WGI 36 3/4 X 25 3/4,False
MG3000 WGI XL 39 X 81.5,MG1500 WG XX 95 3/4 X 79 3/4,False
MG3000 WGI XL 39 X 81.5,MG3000 WGI XR 38 X 81,False
MG3000 WGI XL 39 X 81.5,MG3000 WGI XL 38 1/2 X 81 1/2,False
MG3000 WGI XL 39 X 81.5,MG300 WG 36 3/4 X 50 3/8,False
MG3000 WGI XL 39 X 81.5,MG1500 WG XX 71 3/4 X 79 3/4,False
ECO60 BGI 26 1/4 X 25 3/4,ECO60 BGI 26 1/4 X 25 3/4,False
ECO60 BGI 26 1/4 X 25 3/4,MG300 BGI 26 1/4 X 25 3/4,False
ECO60 BGI 26 1/4 X 25 3/4,MG350 BGI 26 1/4 X 25 3/4,False
ECO60 BGI 26 1/4 X 25 3/4,ECO70 BG FIXED 72 1/2 X 35 1/2,False
ECO60 BGI 26 1/4 X 25 3/4,ECO60 BGI 26 1/4 X 25 3/4,False
ECO60 BGI 26 1/4 X 25 3/4,ES-MX4000 BG XX 95 3/4 X 79 3/4,False
ECO60 BGI 26 1/4 X 25 3/4,MG300 BGI 26 1/4 X 25 3/4,False
ECO60 BGI 26 1/4 X 25 3/4,MG350 BGI 26 1/4 X 25 3/4,False
ECO60 BGI 26 1/4 X 25 3/4,MG1500 BC XO 72 X 80,False
ECO60 BGI 26 1/4 X 25 3/4,MG1500 BG XX 59 3/4 X 79 3/4,False
ECO60 BGI 26 1/4 X 25 3/4,MG1500 BG XX 95 3/4 X 79 3/4,False
ECO60 BGI 26 1/4 X 25 3/4,MG1500 BG XX 71 3/4 X 79 3/4,False
MG3000 WGI XL 39 X 81.5,MG600 WG 36 3/4 X 38 1/8,False
MG3000 WGI XL 39 X 81.5,ECO60 WGI 36 3/4 X 38 1/8,False
MG3000 WGI XL 39 X 81.5,MG600 WG 36 3/4 X 50 3/8,False
MG3000 WGI XL 39 X 81.5,ECO600 WGI XR 38 1/2 X 81 1/2,False
MG3000 WGI XL 39 X 81.5,ECO600 WGI XL 38 X 81,False
MG3000 WGI XL 39 X 81.5,ECO600 WGI XR 38 X 81,False
MG3000 WGI XL 39 X 81.5,ECO600 WGI XR 39 X 81 1/2,False
MG3000 WGI XL 39 X 81.5,ECO600 WGI XL 39 X 81 1/2,False
MG3000 WGI XL 39 X 81.5,ECO50 WG 36 3/4 X 74,False
MG3000 WGI XL 39 X 81.5,ECO700 WG 71 3/4 x 79 3/4,False
MG3000 WGI XL 39 X 81.5,ES-MX3000 WG XX 72 X 80,False
MG3000 WGI XL 39 X 81.5,ES-MX2000 WG XO 73 3/4 X 62 3/4,False
MG3000 WGI XL 39 X 81.5,MG3000 WG XR 37 X 80,False
MG3000 WGI XL 39 X 81.5,MG3000 WGI XR 38 1/2 X 81 1/2,False
MG3000 WGI XL 39 X 81.5,MG3000 WGI XL 38 X 81,False
MG3000 WGI XL 39 X 81.5,MG3000 WG XL 37 X 80,False
MG3000 WGI XL 39 X 81.5,MG3000 WGI XL 39 X 81.5,False
MG3000 WGI XL 39 X 81.5,MG3000 WGI XR 39 X 81 1/2,False
MG3000 WGI XL 39 X 81.5,MG300 WG 36 3/4 X 38 1/8,False
MG3000 WGI XL 39 X 81.5,MG300 WGI 36 3/4 X 38 1/8,False
MG3000 WGI XL 39 X 81.5,MG350 WG 36 3/4 X 38 1/8,False
MG3000 WGI XL 39 X 81.5,MG350 WG 36 3/4 X 50 3/8,False
MG3000 WGI XL 39 X 81.5,MG350 WGI 36 3/4 X 38 1/8,False
MG3000 WGI XL 39 X 81.5,MG350 WGI 36 3/4 X 25 3/4,False
MG3000 WGI XL 39 X 81.5,MG350 PW WG 36 3/4 X 62 3/4,False
MG3000 WGI XL 39 X 81.5,MG350 PW WG 36 3/4 X 74,False
MG3000 WGI XL 39 X 81.5,MG350 SH WG 36 3/4 X 38 1/8,False
MG3000 WGI XL 39 X 81.5,MG350 SH WG 36 3/4 X 50 3/8,False
MG3000 WGI XL 39 X 81.5,MG350 SH WG 36 3/4 X 62 3/4,False
MG3000 WGI XL 39 X 81.5,MG350 SH WG 36 3/4 X 74,False
MG3000 WGI XL 39 X 81.5,MG200 WG 36 1/2 X 66,False
MG3000 WGI XL 39 X 81.5,MG200 WG 36 3/4 X 62 3/4,False
MG3000 WGI XL 39 X 81.5,MG200 WG 36 3/4 X 38 1/8,False
MG3000 WGI XL 39 X 81.5,MG200 WG 36 3/4 X 50 3/8,False
MG3000 WGI XL 39 X 81.5,MG200 WG 36 3/4 X 74,False
MG3000 WGI XL 39 X 81.5,ECO600 WGI XL 38 1/2 X 81 1/2,False
MG3000 WGI XL 39 X 81.5,MG1500 WG XX 59 3/4 X 79 3/4,False
MG3000 WGI XL 39 X 81.5,MG300 WGI 36 3/4 X 25 3/4,False
MG3000 WGI XL 39 X 81.5,MG1500 WG XX 95 3/4 X 79 3/4,False
MG3000 WGI XL 39 X 81.5,MG3000 WGI XR 38 X 81,False
MG3000 WGI XL 39 X 81.5,MG3000 WGI XL 38 1/2 X 81 1/2,False
MG3000 WGI XL 39 X 81.5,MG300 WG 36 3/4 X 50 3/8,False
MG3000 WGI XL 39 X 81.5,MG1500 WG XX 71 3/4 X 79 3/4,False
ECO60 BGI 26 1/4 X 25 3/4,ECO70 BG FIXED 72 1/2 X 35 1/2,False
ECO60 BGI 26 1/4 X 25 3/4,ECO60 BGI 26 1/4 X 25 3/4,False
ECO60 BGI 26 1/4 X 25 3/4,ES-MX4000 BG XX 95 3/4 X 79 3/4,False
ECO60 BGI 26 1/4 X 25 3/4,MG300 BGI 26 1/4 X 25 3/4,False
ECO60 BGI 26 1/4 X 25 3/4,MG350 BGI 26 1/4 X 25 3/4,False
ECO60 BGI 26 1/4 X 25 3/4,MG1500 BC XO 72 X 80,False
ECO60 BGI 26 1/4 X 25 3/4,MG1500 BG XX 59 3/4 X 79 3/4,False
ECO60 BGI 26 1/4 X 25 3/4,MG1500 BG XX 95 3/4 X 79 3/4,False
ECO60 BGI 26 1/4 X 25 3/4,MG1500 BG XX 71 3/4 X 79 3/4,False
MG3000 WGI XL 39 X 81.5,MG600 WG 36 3/4 X 38 1/8,False
MG3000 WGI XL 39 X 81.5,ECO60 WGI 36 3/4 X 38 1/8,False
MG3000 WGI XL 39 X 81.5,MG600 WG 36 3/4 X 50 3/8,False
MG3000 WGI XL 39 X 81.5,ECO600 WGI XR 38 1/2 X 81 1/2,False
MG3000 WGI XL 39 X 81.5,ECO600 WGI XL 38 X 81,False
MG3000 WGI XL 39 X 81.5,ECO600 WGI XR 38 X 81,False
MG3000 WGI XL 39 X 81.5,ECO600 WGI XR 39 X 81 1/2,False
MG3000 WGI XL 39 X 81.5,ECO600 WGI XL 39 X 81 1/2,False
MG3000 WGI XL 39 X 81.5,ECO50 WG 36 3/4 X 74,False
MG3000 WGI XL 39 X 81.5,ECO700 WG 71 3/4 x 79 3/4,False
MG3000 WGI XL 39 X 81.5,ES-MX3000 WG XX 72 X 80,False
MG3000 WGI XL 39 X 81.5,ES-MX2000 WG XO 73 3/4 X 62 3/4,False
MG3000 WGI XL 39 X 81.5,MG3000 WG XR 37 X 80,False
MG3000 WGI XL 39 X 81.5,MG3000 WGI XR 38 1/2 X 81 1/2,False
MG3000 WGI XL 39 X 81.5,MG3000 WGI XL 38 X 81,False
MG3000 WGI XL 39 X 81.5,MG3000 WG XL 37 X 80,False
MG3000 WGI XL 39 X 81.5,MG3000 WGI XL 39 X 81.5,False
MG3000 WGI XL 39 X 81.5,MG3000 WGI XR 39 X 81 1/2,False
MG3000 WGI XL 39 X 81.5,MG300 WG 36 3/4 X 38 1/8,False
MG3000 WGI XL 39 X 81.5,MG300 WGI 36 3/4 X 38 1/8,False
MG3000 WGI XL 39 X 81.5,MG350 WG 36 3/4 X 38 1/8,False
MG3000 WGI XL 39 X 81.5,MG350 WG 36 3/4 X 50 3/8,False
MG3000 WGI XL 39 X 81.5,MG350 WGI 36 3/4 X 38 1/8,False
MG3000 WGI XL 39 X 81.5,MG350 WGI 36 3/4 X 25 3/4,False
MG3000 WGI XL 39 X 81.5,MG350 PW WG 36 3/4 X 62 3/4,False
MG3000 WGI XL 39 X 81.5,MG350 PW WG 36 3/4 X 74,False
MG3000 WGI XL 39 X 81.5,MG350 SH WG 36 3/4 X 38 1/8,False
MG3000 WGI XL 39 X 81.5,MG350 SH WG 36 3/4 X 50 3/8,False
MG3000 WGI XL 39 X 81.5,MG350 SH WG 36 3/4 X 62 3/4,False
MG3000 WGI XL 39 X 81.5,MG350 SH WG 36 3/4 X 74,False
MG3000 WGI XL 39 X 81.5,MG200 WG 36 1/2 X 66,False
MG3000 WGI XL 39 X 81.5,MG200 WG 36 3/4 X 62 3/4,False
MG3000 WGI XL 39 X 81.5,MG200 WG 36 3/4 X 38 1/8,False
MG3000 WGI XL 39 X 81.5,MG200 WG 36 3/4 X 50 3/8,False
MG3000 WGI XL 39 X 81.5,MG200 WG 36 3/4 X 74,False
MG3000 WGI XL 39 X 81.5,ECO600 WGI XL 38 1/2 X 81 1/2,False
MG3000 WGI XL 39 X 81.5,MG1500 WG XX 59 3/4 X 79 3/4,False
MG3000 WGI XL 39 X 81.5,MG300 WGI 36 3/4 X 25 3/4,False
MG3000 WGI XL 39 X 81.5,MG1500 WG XX 95 3/4 X 79 3/4,False
MG3000 WGI XL 39 X 81.5,MG3000 WGI XR 38 X 81,False
MG3000 WGI XL 39 X 81.5,MG3000 WGI XL 38 1/2 X 81 1/2,False
MG3000 WGI XL 39 X 81.5,MG300 WG 36 3/4 X 50 3/8,False
MG3000 WGI XL 39 X 81.5,MG1500 WG XX 71 3/4 X 79 3/4,False
ECO60 BGI 26 1/4 X 25 3/4,ECO70 BG FIXED 72 1/2 X 35 1/2,False
ECO60 BGI 26 1/4 X 25 3/4,ECO60 BGI 26 1/4 X 25 3/4,False
ECO60 BGI 26 1/4 X 25 3/4,ES-MX4000 BG XX 95 3/4 X 79 3/4,False
ECO60 BGI 26 1/4 X 25 3/4,MG300 BGI 26 1/4 X 25 3/4,False
ECO60 BGI 26 1/4 X 25 3/4,MG350 BGI 26 1/4 X 25 3/4,False
ECO60 BGI 26 1/4 X 25 3/4,MG1500 BC XO 72 X 80,False
ECO60 BGI 26 1/4 X 25 3/4,MG1500 BG XX 59 3/4 X 79 3/4,False
ECO60 BGI 26 1/4 X 25 3/4,MG1500 BG XX 95 3/4 X 79 3/4,False
ECO60 BGI 26 1/4 X 25 3/4,MG1500 BG XX 71 3/4 X 79 3/4,False
MG3000 WGI XL 39 X 81.5,MG600 WG 36 3/4 X 38 1/8,False
MG3000 WGI XL 39 X 81.5,ECO60 WGI 36 3/4 X 38 1/8,False
MG3000 WGI XL 39 X 81.5,MG600 WG 36 3/4 X 50 3/8,False
MG3000 WGI XL 39 X 81.5,ECO600 WGI XR 38 1/2 X 81 1/2,False
MG3000 WGI XL 39 X 81.5,ECO600 WGI XL 38 X 81,False
MG3000 WGI XL 39 X 81.5,ECO600 WGI XR 38 X 81,False
MG3000 WGI XL 39 X 81.5,ECO600 WGI XR 39 X 81 1/2,False
MG3000 WGI XL 39 X 81.5,ECO600 WGI XL 39 X 81 1/2,False
MG3000 WGI XL 39 X 81.5,ECO50 WG 36 3/4 X 74,False
MG3000 WGI XL 39 X 81.5,ECO700 WG 71 3/4 x 79 3/4,False
MG3000 WGI XL 39 X 81.5,ES-MX3000 WG XX 72 X 80,False
MG3000 WGI XL 39 X 81.5,ES-MX2000 WG XO 73 3/4 X 62 3/4,False
MG3000 WGI XL 39 X 81.5,MG3000 WG XR 37 X 80,False
MG3000 WGI XL 39 X 81.5,MG3000 WGI XR 38 1/2 X 81 1/2,False
MG3000 WGI XL 39 X 81.5,MG3000 WGI XL 38 X 81,False
MG3000 WGI XL 39 X 81.5,MG3000 WG XL 37 X 80,False
MG3000 WGI XL 39 X 81.5,MG3000 WGI XL 39 X 81.5,False
MG3000 WGI XL 39 X 81.5,MG3000 WGI XR 39 X 81 1/2,False
MG3000 WGI XL 39 X 81.5,MG300 WG 36 3/4 X 38 1/8,False
MG3000 WGI XL 39 X 81.5,MG300 WGI 36 3/4 X 38 1/8,False
MG3000 WGI XL 39 X 81.5,MG350 WG 36 3/4 X 38 1/8,False
MG3000 WGI XL 39 X 81.5,MG350 WG 36 3/4 X 50 3/8,False
MG3000 WGI XL 39 X 81.5,MG350 WGI 36 3/4 X 38 1/8,False
MG3000 WGI XL 39 X 81.5,MG350 WGI 36 3/4 X 25 3/4,False
MG3000 WGI XL 39 X 81.5,MG350 PW WG 36 3/4 X 62 3/4,False
MG3000 WGI XL 39 X 81.5,MG350 PW WG 36 3/4 X 74,False
MG3000 WGI XL 39 X 81.5,MG350 SH WG 36 3/4 X 38 1/8,False
MG3000 WGI XL 39 X 81.5,MG350 SH WG 36 3/4 X 50 3/8,False
MG3000 WGI XL 39 X 81.5,MG350 SH WG 36 3/4 X 62 3/4,False
MG3000 WGI XL 39 X 81.5,MG350 SH WG 36 3/4 X 74,False
MG3000 WGI XL 39 X 81.5,MG200 WG 36 1/2 X 66,False
MG3000 WGI XL 39 X 81.5,MG200 WG 36 3/4 X 62 3/4,False
MG3000 WGI XL 39 X 81.5,MG200 WG 36 3/4 X 38 1/8,False
MG3000 WGI XL 39 X 81.5,MG200 WG 36 3/4 X 50 3/8,False
MG3000 WGI XL 39 X 81.5,MG200 WG 36 3/4 X 74,False
MG3000 WGI XL 39 X 81.5,ECO600 WGI XL 38 1/2 X 81 1/2,False
MG3000 WGI XL 39 X 81.5,MG1500 WG XX 59 3/4 X 79 3/4,False
MG3000 WGI XL 39 X 81.5,MG300 WGI 36 3/4 X 25 3/4,False
MG3000 WGI XL 39 X 81.5,MG1500 WG XX 95 3/4 X 79 3/4,False
MG3000 WGI XL 39 X 81.5,MG3000 WGI XR 38 X 81,False
MG3000 WGI XL 39 X 81.5,MG3000 WGI XL 38 1/2 X 81 1/2,False
MG3000 WGI XL 39 X 81.5,MG300 WG 36 3/4 X 50 3/8,False
MG3000 WGI XL 39 X 81.5,MG1500 WG XX 71 3/4 X 79 3/4,False
ECO60 BGI 26 1/4 X 25 3/4,ECO70 BG FIXED 72 1/2 X 35 1/2,False
ECO60 BGI 26 1/4 X 25 3/4,ECO60 BGI 26 1/4 X 25 3/4,False
ECO60 BGI 26 1/4 X 25 3/4,ES-MX4000 BG XX 95 3/4 X 79 3/4,False
ECO60 BGI 26 1/4 X 25 3/4,MG300 BGI 26 1/4 X 25 3/4,False
ECO60 BGI 26 1/4 X 25 3/4,MG350 BGI 26 1/4 X 25 3/4,False
ECO60 BGI 26 1/4 X 25 3/4,MG1500 BC XO 72 X 80,False
ECO60 BGI 26 1/4 X 25 3/4,MG1500 BG XX 59 3/4 X 79 3/4,False
ECO60 BGI 26 1/4 X 25 3/4,MG1500 BG XX 95 3/4 X 79 3/4,False
ECO60 BGI 26 1/4 X 25 3/4,MG1500 BG XX 71 3/4 X 79 3/4,False
MG3000 WGI XL 39 X 81.5,MG600 WG 36 3/4 X 38 1/8,False
MG3000 WGI XL 39 X 81.5,ECO60 WGI 36 3/4 X 38 1/8,False
MG3000 WGI XL 39 X 81.5,MG600 WG 36 3/4 X 50 3/8,False
MG3000 WGI XL 39 X 81.5,ECO600 WGI XR 38 1/2 X 81 1/2,False
MG3000 WGI XL 39 X 81.5,ECO600 WGI XL 38 X 81,False
MG3000 WGI XL 39 X 81.5,ECO600 WGI XR 38 X 81,False
MG3000 WGI XL 39 X 81.5,ECO600 WGI XR 39 X 81 1/2,False
MG3000 WGI XL 39 X 81.5,ECO600 WGI XL 39 X 81 1/2,False
MG3000 WGI XL 39 X 81.5,ECO50 WG 36 3/4 X 74,False
MG3000 WGI XL 39 X 81.5,ECO700 WG 71 3/4 x 79 3/4,False
MG3000 WGI XL 39 X 81.5,ES-MX3000 WG XX 72 X 80,False
MG3000 WGI XL 39 X 81.5,ES-MX2000 WG XO 73 3/4 X 62 3/4,False
MG3000 WGI XL 39 X 81.5,MG3000 WG XR 37 X 80,False
MG3000 WGI XL 39 X 81.5,MG3000 WGI XR 38 1/2 X 81 1/2,False
MG3000 WGI XL 39 X 81.5,MG3000 WGI XL 38 X 81,False
MG3000 WGI XL 39 X 81.5,MG3000 WG XL 37 X 80,False
MG3000 WGI XL 39 X 81.5,MG3000 WGI XL 39 X 81.5,False
MG3000 WGI XL 39 X 81.5,MG3000 WGI XR 39 X 81 1/2,False
MG3000 WGI XL 39 X 81.5,MG300 WG 36 3/4 X 38 1/8,False
MG3000 WGI XL 39 X 81.5,MG300 WGI 36 3/4 X 38 1/8,False
MG3000 WGI XL 39 X 81.5,MG350 WG 36 3/4 X 38 1/8,False
MG3000 WGI XL 39 X 81.5,MG350 WG 36 3/4 X 50 3/8,False
MG3000 WGI XL 39 X 81.5,MG350 WGI 36 3/4 X 38 1/8,False
MG3000 WGI XL 39 X 81.5,MG350 WGI 36 3/4 X 25 3/4,False
MG3000 WGI XL 39 X 81.5,MG350 PW WG 36 3/4 X 62 3/4,False
MG3000 WGI XL 39 X 81.5,MG350 PW WG 36 3/4 X 74,False
MG3000 WGI XL 39 X 81.5,MG350 SH WG 36 3/4 X 38 1/8,False
MG3000 WGI XL 39 X 81.5,MG350 SH WG 36 3/4 X 50 3/8,False
MG3000 WGI XL 39 X 81.5,MG350 SH WG 36 3/4 X 62 3/4,False
MG3000 WGI XL 39 X 81.5,MG350 SH WG 36 3/4 X 74,False
MG3000 WGI XL 39 X 81.5,MG200 WG 36 1/2 X 66,False
MG3000 WGI XL 39 X 81.5,MG200 WG 36 3/4 X 62 3/4,False
MG3000 WGI XL 39 X 81.5,MG200 WG 36 3/4 X 38 1/8,False
MG3000 WGI XL 39 X 81.5,MG200 WG 36 3/4 X 50 3/8,False
MG3000 WGI XL 39 X 81.5,MG200 WG 36 3/4 X 74,False
MG3000 WGI XL 39 X 81.5,ECO600 WGI XL 38 1/2 X 81 1/2,False
MG3000 WGI XL 39 X 81.5,MG1500 WG XX 59 3/4 X 79 3/4,False
MG3000 WGI XL 39 X 81.5,MG300 WGI 36 3/4 X 25 3/4,False
MG3000 WGI XL 39 X 81.5,MG1500 WG XX 95 3/4 X 79 3/4,False
MG3000 WGI XL 39 X 81.5,MG3000 WGI XR 38 X 81,False
MG3000 WGI XL 39 X 81.5,MG3000 WGI XL 38 1/2 X 81 1/2,False
MG3000 WGI XL 39 X 81.5,MG300 WG 36 3/4 X 50 3/8,False
MG3000 WGI XL 39 X 81.5,MG1500 WG XX 71 3/4 X 79 3/4,False
ECO60 BGI 26 1/4 X 25 3/4,MG600 BG 36 3/4 X 38 1/8,False
ECO60 BGI 26 1/4 X 25 3/4,MG600 BG 36 3/4 X 50 3/8,False
ECO60 BGI 26 1/4 X 25 3/4,ECO70 BG FIXED 72 1/2 X 35 1/2,False
ECO60 BGI 26 1/4 X 25 3/4,ECO60 BG 73 3/4 X 62 3/4,False
ECO60 BGI 26 1/4 X 25 3/4,ECO200 BG 52 7/8 X 50 3/8,False
ECO60 BGI 26 1/4 X 25 3/4,ECO60 BGI 26 1/4 X 25 3/4,False
ECO60 BGI 26 1/4 X 25 3/4,ECO60 BGI 36 3/4 X 38 1/8,False
ECO60 BGI 26 1/4 X 25 3/4,ECO60 BG 36 3/4 X 38 1/8,False
ECO60 BGI 26 1/4 X 25 3/4,ECO60 BG 73 3/4 X 38 1/8,False
ECO60 BGI 26 1/4 X 25 3/4,ECO60 BG 36 3/4 X 50 3/8,False
ECO60 BGI 26 1/4 X 25 3/4,ECO60 BG 52 7/8 X 50 3/8,False
ECO60 BGI 26 1/4 X 25 3/4,ECO600 BGI XL 38 1/2 X 81 1/2,False
ECO60 BGI 26 1/4 X 25 3/4,ECO600 BGI XR 38 1/2 X 81 1/2,False
ECO60 BGI 26 1/4 X 25 3/4,ECO600 BGI XR 39 X 81 1/2,False
ECO60 BGI 26 1/4 X 25 3/4,ECO600 BG XXL 59 3/4 X 79 3/4,False
ECO60 BGI 26 1/4 X 25 3/4,ECO600 BG XXL 71 3/4 X 79 3/4,False
ECO60 BGI 26 1/4 X 25 3/4,ECO600 BG XXR 59 3/4 X 79 3/4,False
ECO60 BGI 26 1/4 X 25 3/4,ECO700 BG 59 3/4 X 79 3/4,False
ECO60 BGI 26 1/4 X 25 3/4,ECO700 BG 71 3/4 X 79 3/4,False
ECO60 BGI 26 1/4 X 25 3/4,ECO700 BG 95 3/4 X 79 3/4,False
ECO60 BGI 26 1/4 X 25 3/4,ES-MX4000 BG XX 95 3/4 X 79 3/4,False
ECO60 BGI 26 1/4 X 25 3/4,ECO600 BG XXR 71 3/4 X 79 3/4,False
ECO60 BGI 26 1/4 X 25 3/4,MG3000 BGI XR 38 1/2 X 81 1/2,False
ECO60 BGI 26 1/4 X 25 3/4,MG3000 BGI XL 38 1/2 X 81 1/2,False
ECO60 BGI 26 1/4 X 25 3/4,MG3000 BG XXL 59 3/4 X 79 3/4,False
ECO60 BGI 26 1/4 X 25 3/4,MG3000 BG XXR 59 3/4 X 79 3/4,False
ECO60 BGI 26 1/4 X 25 3/4,MG3000 BG XXL 71 3/4 X 79 3/4,False
ECO60 BGI 26 1/4 X 25 3/4,MG300 BG XOX 106 X 50 3/8,False
ECO60 BGI 26 1/4 X 25 3/4,MG300 BG XOX 106 X 62 3/4,False
ECO60 BGI 26 1/4 X 25 3/4,MG300 BG XOX 110 3/4 X 38 1/8,False
ECO60 BGI 26 1/4 X 25 3/4,MG300 BG XOX 110 3/4 X 50 3/8,False
ECO60 BGI 26 1/4 X 25 3/4,MG300 BG XOX 110 3/4 X 62 3/4,False
ECO60 BGI 26 1/4 X 25 3/4,MG300 BG 26 1/4 X 38 1/8,False
ECO60 BGI 26 1/4 X 25 3/4,MG300 BG XOX 106 X 38 1/8,False
ECO60 BGI 26 1/4 X 25 3/4,MG300 BGI 26 1/4 X 25 3/4,False
ECO60 BGI 26 1/4 X 25 3/4,MG300 BGI 36 3/4 X 25 3/4,False
ECO60 BGI 26 1/4 X 25 3/4,MG300 BG 73 3/4 X 38 1/8,False
ECO60 BGI 26 1/4 X 25 3/4,MG350 BG 106 X 38 1/8,False
ECO60 BGI 26 1/4 X 25 3/4,MG350 BG 106 X 50 3/8,False
ECO60 BGI 26 1/4 X 25 3/4,MG300 BG 73 3/4 X 50 3/8,False
ECO60 BGI 26 1/4 X 25 3/4,MG300 BG 36 3/4 X 38 1/8,False
ECO60 BGI 26 1/4 X 25 3/4,MG300 BGI 36 3/4 X 38 1/8,False
ECO60 BGI 26 1/4 X 25 3/4,MG300 BG 36 3/4 X 50 3/8,False
ECO60 BGI 26 1/4 X 25 3/4,MG300 BG 52 7/8 X 38 1/8,False
ECO60 BGI 26 1/4 X 25 3/4,MG300 BG 52 7/8 X 50 3/8,False
ECO60 BGI 26 1/4 X 25 3/4,MG300 BG 52 7/8 X 62 3/4,False
ECO60 BGI 26 1/4 X 25 3/4,MG300 BG 73 3/4 X 62 3/4,False
ECO60 BGI 26 1/4 X 25 3/4,MG350 BG 106 X 62 3/4,False
ECO60 BGI 26 1/4 X 25 3/4,MG350 BG 110 3/4 X 38 1/8,False
ECO60 BGI 26 1/4 X 25 3/4,MG350 BG 110 3/4 X 50 3/8,False
ECO60 BGI 26 1/4 X 25 3/4,MG350 BG 110 3/4 X 62 3/4,False
ECO60 BGI 26 1/4 X 25 3/4,MG350 BGI 36 3/4 X 38 1/8,False
ECO60 BGI 26 1/4 X 25 3/4,MG350 BGI 26 1/4 X 25 3/4,False
ECO60 BGI 26 1/4 X 25 3/4,MG350 BG 52 7/8 X 38 1/8,False
ECO60 BGI 26 1/4 X 25 3/4,MG350 BG 36 3/4 X 38 1/8,False
ECO60 BGI 26 1/4 X 25 3/4,MG350 BG 36 3/4 X 50 3/8,False
ECO60 BGI 26 1/4 X 25 3/4,MG350 BG 52 7/8 X 50 3/8,False
ECO60 BGI 26 1/4 X 25 3/4,MG350 BG 52 7/8 X 62 3/4,False
ECO60 BGI 26 1/4 X 25 3/4,MG350 BG 73 3/4 X 62 3/4,False
ECO60 BGI 26 1/4 X 25 3/4,MG350 PW BG 36 3/4 X 62 3/4,False
ECO60 BGI 26 1/4 X 25 3/4,MG350 PW BG 36 3/4 X 74,False
ECO60 BGI 26 1/4 X 25 3/4,MG350 SH BG 26 1/4 X 38 1/8,False
ECO60 BGI 26 1/4 X 25 3/4,MG350 SH BG 26 1/4 X 50 3/8,False
ECO60 BGI 26 1/4 X 25 3/4,MG350 SH BG 36 3/4 X 38 1/8,False
ECO60 BGI 26 1/4 X 25 3/4,MG350 SH BG 36 3/4 X 50 3/8,False
ECO60 BGI 26 1/4 X 25 3/4,MG350 BG 73 3/4 X 38 1/8,False
ECO60 BGI 26 1/4 X 25 3/4,MG350 BG 73 3/4 X 50 3/8,False
ECO60 BGI 26 1/4 X 25 3/4,MG350 SH BG 36 3/4 X 62 3/4,False
ECO60 BGI 26 1/4 X 25 3/4,MG350 SH BG 36 3/4 X 74,False
ECO60 BGI 26 1/4 X 25 3/4,MG200 BGI 35 X 73 1/2,False
ECO60 BGI 26 1/4 X 25 3/4,MG1500 BC XO 72 X 80,False
ECO60 BGI 26 1/4 X 25 3/4,MG200 BG 19 X 38 1/8,False
ECO60 BGI 26 1/4 X 25 3/4,MG200 BG 36 3/4 X 38 1/8,False
ECO60 BGI 26 1/4 X 25 3/4,MG1500 BG XX 59 3/4 X 79 3/4,False
ECO60 BGI 26 1/4 X 25 3/4,MG200 BGI 19 X 38 1/8,False
ECO60 BGI 26 1/4 X 25 3/4,MG200 BG 36 3/4 X 50 3/8,False
ECO60 BGI 26 1/4 X 25 3/4,MG200 BG 36 3/4 X 74,False
ECO60 BGI 26 1/4 X 25 3/4,MG200 BGI 19 X 25 3/4,False
ECO60 BGI 26 1/4 X 25 3/4,MG200 BG 36 3/4 X 62 3/4,False
ECO60 BGI 26 1/4 X 25 3/4,MG3000 BGI XR 39 X 81 1/2,False
ECO60 BGI 26 1/4 X 25 3/4,ECO60 BGI 36 3/4 X 25 3/4,False
ECO60 BGI 26 1/4 X 25 3/4,MG350 BGI 36 3/4 X 25 3/4,False
ECO60 BGI 26 1/4 X 25 3/4,MG1500 BG XX 95 3/4 X 79 3/4,False
ECO60 BGI 26 1/4 X 25 3/4,ECO600 BGI XL 39 X 81 1/2,False
ECO60 BGI 26 1/4 X 25 3/4,MG3000 BGI XL 39 X 81 1/2,False
ECO60 BGI 26 1/4 X 25 3/4,MG3000 BG XXR 71 3/4 X 79 3/4,False
ECO60 BGI 26 1/4 X 25 3/4,MG1500 BG XX 71 3/4 X 79 3/4,False
MG3000 WGI XL 39 X 81.5,ECO600 WGI XL 38 X 81,False
MG3000 WGI XL 39 X 81.5,ECO600 WGI XR 38 X 81,False
MG3000 WGI XL 39 X 81.5,MG3000 WG XR 37 X 80,False
MG3000 WGI XL 39 X 81.5,MG3000 WGI XL 38 X 81,False
MG3000 WGI XL 39 X 81.5,MG3000 WG XL 37 X 80,False
MG3000 WGI XL 39 X 81.5,MG3000 WGI XL 39 X 81.5,False
MG3000 WGI XL 39 X 81.5,MG3000 WGI XR 38 X 81,False
ECO60 BGI 26 1/4 X 25 3/4,ECO60 BGI 26 1/4 X 25 3/4,False
ECO60 BGI 26 1/4 X 25 3/4,MG300 BGI 26 1/4 X 25 3/4,False
ECO60 BGI 26 1/4 X 25 3/4,MG350 BGI 26 1/4 X 25 3/4,False
MG3000 WGI XL 39 X 81.5,ECO600 WGI XR 38 1/2 X 81 1/2,False
MG3000 WGI XL 39 X 81.5,ECO600 WGI XL 38 X 81,False
MG3000 WGI XL 39 X 81.5,ECO600 WGI XR 38 X 81,False
MG3000 WGI XL 39 X 81.5,ECO600 WGI XR 39 X 81 1/2,False
MG3000 WGI XL 39 X 81.5,ECO600 WGI XL 39 X 81 1/2,False
MG3000 WGI XL 39 X 81.5,MG3000 WG XR 37 X 80,False
MG3000 WGI XL 39 X 81.5,MG3000 WGI XR 38 1/2 X 81 1/2,False
MG3000 WGI XL 39 X 81.5,MG3000 WGI XL 38 X 81,False
MG3000 WGI XL 39 X 81.5,MG3000 WG XL 37 X 80,False
MG3000 WGI XL 39 X 81.5,MG3000 WGI XL 39 X 81.5,False
MG3000 WGI XL 39 X 81.5,MG3000 WGI XR 39 X 81 1/2,False
MG3000 WGI XL 39 X 81.5,ECO600 WGI XL 38 1/2 X 81 1/2,False
MG3000 WGI XL 39 X 81.5,MG3000 WGI XR 38 X 81,False
MG3000 WGI XL 39 X 81.5,MG3000 WGI XL 38 1/2 X 81 1/2,False
ECO60 BGI 26 1/4 X 25 3/4,ECO60 BGI 26 1/4 X 25 3/4,False
ECO60 BGI 26 1/4 X 25 3/4,MG300 BGI 26 1/4 X 25 3/4,False
ECO60 BGI 26 1/4 X 25 3/4,MG350 BGI 26 1/4 X 25 3/4,False
MG3000 WGI XL 39 X 81.5,ECO600 WGI XR 38 1/2 X 81 1/2,False
MG3000 WGI XL 39 X 81.5,ECO600 WGI XL 38 X 81,False
MG3000 WGI XL 39 X 81.5,ECO600 WGI XR 38 X 81,False
MG3000 WGI XL 39 X 81.5,ECO600 WGI XR 39 X 81 1/2,False
MG3000 WGI XL 39 X 81.5,ECO600 WGI XL 39 X 81 1/2,False
MG3000 WGI XL 39 X 81.5,MG3000 WG XR 37 X 80,False
MG3000 WGI XL 39 X 81.5,MG3000 WGI XR 38 1/2 X 81 1/2,False
MG3000 WGI XL 39 X 81.5,MG3000 WGI XL 38 X 81,False
MG3000 WGI XL 39 X 81.5,MG3000 WG XL 37 X 80,False
MG3000 WGI XL 39 X 81.5,MG3000 WGI XL 39 X 81.5,False
MG3000 WGI XL 39 X 81.5,MG3000 WGI XR 39 X 81 1/2,False
MG3000 WGI XL 39 X 81.5,ECO600 WGI XL 38 1/2 X 81 1/2,False
MG3000 WGI XL 39 X 81.5,MG3000 WGI XR 38 X 81,False
MG3000 WGI XL 39 X 81.5,MG3000 WGI XL 38 1/2 X 81 1/2,False
ECO60 BGI 26 1/4 X 25 3/4,MG300 BGI 26 1/4 X 25 3/4,False
ECO60 BGI 26 1/4 X 25 3/4,MG350 BGI 26 1/4 X 25 3/4,False
MG3000 WGI XL 39 X 81.5,ECO600 WGI XR 38 1/2 X 81 1/2,False
MG3000 WGI XL 39 X 81.5,ECO600 WGI XL 38 X 81,False
MG3000 WGI XL 39 X 81.5,ECO600 WGI XR 38 X 81,False
MG3000 WGI XL 39 X 81.5,ECO600 WGI XR 39 X 81 1/2,False
MG3000 WGI XL 39 X 81.5,ECO600 WGI XL 39 X 81 1/2,False
MG3000 WGI XL 39 X 81.5,MG3000 WG XR 37 X 80,False
MG3000 WGI XL 39 X 81.5,MG3000 WGI XR 38 1/2 X 81 1/2,False
MG3000 WGI XL 39 X 81.5,MG3000 WGI XL 38 X 81,False
MG3000 WGI XL 39 X 81.5,MG3000 WG XL 37 X 80,False
MG3000 WGI XL 39 X 81.5,MG3000 WGI XR 39 X 81 1/2,False
MG3000 WGI XL 39 X 81.5,ECO600 WGI XL 38 1/2 X 81 1/2,False
MG3000 WGI XL 39 X 81.5,MG3000 WGI XR 38 X 81,False
MG3000 WGI XL 39 X 81.5,MG3000 WGI XL 38 1/2 X 81 1/2,False
ECO60 BGI 26 1/4 X 25 3/4,MG300 BGI 26 1/4 X 25 3/4,False
ECO60 BGI 26 1/4 X 25 3/4,MG350 BGI 26 1/4 X 25 3/4,False
MG3000 WGI XL 39 X 81.5,ECO600 WGI XR 38 1/2 X 81 1/2,False
MG3000 WGI XL 39 X 81.5,ECO600 WGI XL 38 X 81,False
MG3000 WGI XL 39 X 81.5,ECO600 WGI XR 38 X 81,False
MG3000 WGI XL 39 X 81.5,ECO600 WGI XR 39 X 81 1/2,False
MG3000 WGI XL 39 X 81.5,ECO600 WGI XL 39 X 81 1/2,False
MG3000 WGI XL 39 X 81.5,ECO700 WG 71 3/4 x 79 3/4,False
MG3000 WGI XL 39 X 81.5,MG3000 WG XR 37 X 80,False
MG3000 WGI XL 39 X 81.5,MG3000 WGI XR 38 1/2 X 81 1/2,False
MG3000 WGI XL 39 X 81.5,MG3000 WGI XL 38 X 81,False
MG3000 WGI XL 39 X 81.5,MG3000 WG XL 37 X 80,False
MG3000 WGI XL 39 X 81.5,MG3000 WGI XR 39 X 81 1/2,False
MG3000 WGI XL 39 X 81.5,ECO600 WGI XL 38 1/2 X 81 1/2,False
MG3000 WGI XL 39 X 81.5,MG3000 WGI XR 38 X 81,False
MG3000 WGI XL 39 X 81.5,MG3000 WGI XL 38 1/2 X 81 1/2,False
ECO60 BGI 26 1/4 X 25 3/4,MG300 BGI 26 1/4 X 25 3/4,False
ECO60 BGI 26 1/4 X 25 3/4,MG350 BGI 26 1/4 X 25 3/4,False
MG3000 WGI XL 39 X 81.5,ECO600 WGI XR 38 1/2 X 81 1/2,False
MG3000 WGI XL 39 X 81.5,ECO600 WGI XL 38 X 81,False
MG3000 WGI XL 39 X 81.5,ECO600 WGI XR 38 X 81,False
MG3000 WGI XL 39 X 81.5,ECO600 WGI XR 39 X 81 1/2,False
MG3000 WGI XL 39 X 81.5,ECO600 WGI XL 39 X 81 1/2,False
MG3000 WGI XL 39 X 81.5,ECO700 WG 71 3/4 x 79 3/4,False
MG3000 WGI XL 39 X 81.5,MG3000 WG XR 37 X 80,False
MG3000 WGI XL 39 X 81.5,MG3000 WGI XR 38 1/2 X 81 1/2,False
MG3000 WGI XL 39 X 81.5,MG3000 WGI XL 38 X 81,False
MG3000 WGI XL 39 X 81.5,MG3000 WG XL 37 X 80,False
MG3000 WGI XL 39 X 81.5,MG3000 WGI XR 39 X 81 1/2,False
MG3000 WGI XL 39 X 81.5,ECO600 WGI XL 38 1/2 X 81 1/2,False
MG3000 WGI XL 39 X 81.5,MG3000 WGI XR 38 X 81,False
MG3000 WGI XL 39 X 81.5,MG3000 WGI XL 38 1/2 X 81 1/2,False
ECO60 BGI 26 1/4 X 25 3/4,MG300 BGI 26 1/4 X 25 3/4,False
ECO60 BGI 26 1/4 X 25 3/4,MG350 BGI 26 1/4 X 25 3/4,False
MG3000 WGI XL 39 X 81.5,ECO600 WGI XR 38 1/2 X 81 1/2,False
MG3000 WGI XL 39 X 81.5,ECO600 WGI XL 38 X 81,False
MG3000 WGI XL 39 X 81.5,ECO600 WGI XR 38 X 81,False
MG3000 WGI XL 39 X 81.5,ECO600 WGI XR 39 X 81 1/2,False
MG3000 WGI XL 39 X 81.5,ECO600 WGI XL 39 X 81 1/2,False
MG3000 WGI XL 39 X 81.5,ECO700 WG 71 3/4 x 79 3/4,False
MG3000 WGI XL 39 X 81.5,MG3000 WG XR 37 X 80,False
MG3000 WGI XL 39 X 81.5,MG3000 WGI XR 38 1/2 X 81 1/2,False
MG3000 WGI XL 39 X 81.5,MG3000 WGI XL 38 X 81,False
MG3000 WGI XL 39 X 81.5,MG3000 WG XL 37 X 80,False
MG3000 WGI XL 39 X 81.5,MG3000 WGI XR 39 X 81 1/2,False
MG3000 WGI XL 39 X 81.5,ECO600 WGI XL 38 1/2 X 81 1/2,False
MG3000 WGI XL 39 X 81.5,MG3000 WGI XR 38 X 81,False
MG3000 WGI XL 39 X 81.5,MG3000 WGI XL 38 1/2 X 81 1/2,False
EC HR WG 53 X 38 1/8,EC HR BG 37 X 38 1/8,False
EC HR WG 53 X 38 1/8,EC HR WG 53 X 50 3/8,False
EC HR WG 53 X 38 1/8,EC HR BG 37 X 38 1/8,False
EC HR WG 53 X 38 1/8,EC HR WG 53 X 50 3/8,False
ECO60 BGI 26 1/4 X 25 3/4,MG300 BGI 26 1/4 X 25 3/4,False
ECO60 BGI 26 1/4 X 25 3/4,MG350 BGI 26 1/4 X 25 3/4,False
MG3000 WGI XL 39 X 81.5,ECO600 WGI XR 38 1/2 X 81 1/2,False
MG3000 WGI XL 39 X 81.5,ECO600 WGI XL 38 X 81,False
MG3000 WGI XL 39 X 81.5,ECO600 WGI XR 38 X 81,False
MG3000 WGI XL 39 X 81.5,ECO600 WGI XR 39 X 81 1/2,False
MG3000 WGI XL 39 X 81.5,ECO600 WGI XL 39 X 81 1/2,False
MG3000 WGI XL 39 X 81.5,ECO700 WG 71 3/4 x 79 3/4,False
MG3000 WGI XL 39 X 81.5,MG3000 WG XR 37 X 80,False
MG3000 WGI XL 39 X 81.5,MG3000 WGI XR 38 1/2 X 81 1/2,False
MG3000 WGI XL 39 X 81.5,MG3000 WGI XL 38 X 81,False
MG3000 WGI XL 39 X 81.5,MG3000 WG XL 37 X 80,False
MG3000 WGI XL 39 X 81.5,MG3000 WGI XR 39 X 81 1/2,False
MG3000 WGI XL 39 X 81.5,ECO600 WGI XL 38 1/2 X 81 1/2,False
MG3000 WGI XL 39 X 81.5,MG3000 WGI XR 38 X 81,False
MG3000 WGI XL 39 X 81.5,MG3000 WGI XL 38 1/2 X 81 1/2,False
ECO60 BGI 26 1/4 X 25 3/4,MG300 BGI 26 1/4 X 25 3/4,False
ECO60 BGI 26 1/4 X 25 3/4,MG350 BGI 26 1/4 X 25 3/4,False
MG3000 WGI XL 39 X 81.5,ECO600 WGI XR 38 1/2 X 81 1/2,False
MG3000 WGI XL 39 X 81.5,ECO600 WGI XL 38 X 81,False
MG3000 WGI XL 39 X 81.5,ECO600 WGI XR 38 X 81,False
MG3000 WGI XL 39 X 81.5,ECO600 WGI XR 39 X 81 1/2,False
MG3000 WGI XL 39 X 81.5,ECO600 WGI XL 39 X 81 1/2,False
MG3000 WGI XL 39 X 81.5,ECO700 WG 71 3/4 x 79 3/4,False
MG3000 WGI XL 39 X 81.5,MG3000 WG XR 37 X 80,False
MG3000 WGI XL 39 X 81.5,MG3000 WGI XR 38 1/2 X 81 1/2,False
MG3000 WGI XL 39 X 81.5,MG3000 WGI XL 38 X 81,False
MG3000 WGI XL 39 X 81.5,MG3000 WG XL 37 X 80,False
MG3000 WGI XL 39 X 81.5,MG3000 WGI XR 39 X 81 1/2,False
MG3000 WGI XL 39 X 81.5,ECO600 WGI XL 38 1/2 X 81 1/2,False
MG3000 WGI XL 39 X 81.5,MG3000 WGI XR 38 X 81,False
MG3000 WGI XL 39 X 81.5,MG3000 WGI XL 38 1/2 X 81 1/2,False
EC HR WG 53 X 38 1/8,EC HR BG 37 X 38 1/8,False
EC HR WG 53 X 38 1/8,EC HR WG 53 X 50 3/8,False
EC HR WG 53 X 38 1/8,EC HR BG 37 X 38 1/8,False
EC HR WG 53 X 38 1/8,EC HR WG 53 X 50 3/8,False
EC HR WG 53 X 38 1/8,EC HR BG 37 X 38 1/8,False
EC HR WG 53 X 38 1/8,EC HR WG 53 X 50 3/8,False
EC HR WG 53 X 38 1/8,EC HR BG 37 X 38 1/8,False
EC HR WG 53 X 38 1/8,EC HR WG 53 X 50 3/8,False
ECO60 BGI 26 1/4 X 25 3/4,MG300 BGI 26 1/4 X 25 3/4,False
ECO60 BGI 26 1/4 X 25 3/4,MG350 BGI 26 1/4 X 25 3/4,False
MG3000 WGI XL 39 X 81.5,ECO600 WGI XR 38 1/2 X 81 1/2,False
MG3000 WGI XL 39 X 81.5,ECO600 WGI XL 38 X 81,False
MG3000 WGI XL 39 X 81.5,ECO600 WGI XR 38 X 81,False
MG3000 WGI XL 39 X 81.5,ECO600 WGI XR 39 X 81 1/2,False
MG3000 WGI XL 39 X 81.5,ECO600 WGI XL 39 X 81 1/2,False
MG3000 WGI XL 39 X 81.5,ECO700 WG 71 3/4 x 79 3/4,False
MG3000 WGI XL 39 X 81.5,MG3000 WG XR 37 X 80,False
MG3000 WGI XL 39 X 81.5,MG3000 WGI XR 38 1/2 X 81 1/2,False
MG3000 WGI XL 39 X 81.5,MG3000 WGI XL 38 X 81,False
MG3000 WGI XL 39 X 81.5,MG3000 WG XL 37 X 80,False
MG3000 WGI XL 39 X 81.5,MG3000 WGI XR 39 X 81 1/2,False
MG3000 WGI XL 39 X 81.5,ECO600 WGI XL 38 1/2 X 81 1/2,False
MG3000 WGI XL 39 X 81.5,MG3000 WGI XR 38 X 81,False
MG3000 WGI XL 39 X 81.5,MG3000 WGI XL 38 1/2 X 81 1/2,False
EC HR WG 53 X 38 1/8,EC HR BG 37 X 38 1/8,False
EC HR WG 53 X 38 1/8,EC HR WG 53 X 50 3/8,False
ECO60 BGI 26 1/4 X 25 3/4,MG300 BGI 26 1/4 X 25 3/4,False
ECO60 BGI 26 1/4 X 25 3/4,MG350 BGI 26 1/4 X 25 3/4,False
MG3000 WGI XL 39 X 81.5,ECO600 WGI XR 38 1/2 X 81 1/2,False
MG3000 WGI XL 39 X 81.5,ECO600 WGI XL 38 X 81,False
MG3000 WGI XL 39 X 81.5,ECO600 WGI XR 38 X 81,False
MG3000 WGI XL 39 X 81.5,ECO600 WGI XR 39 X 81 1/2,False
MG3000 WGI XL 39 X 81.5,ECO600 WGI XL 39 X 81 1/2,False
MG3000 WGI XL 39 X 81.5,ECO700 WG 71 3/4 x 79 3/4,False
MG3000 WGI XL 39 X 81.5,MG3000 WG XR 37 X 80,False
MG3000 WGI XL 39 X 81.5,MG3000 WGI XR 38 1/2 X 81 1/2,False
MG3000 WGI XL 39 X 81.5,MG3000 WGI XL 38 X 81,False
MG3000 WGI XL 39 X 81.5,MG3000 WG XL 37 X 80,False
MG3000 WGI XL 39 X 81.5,MG3000 WGI XR 39 X 81 1/2,False
MG3000 WGI XL 39 X 81.5,ECO600 WGI XL 38 1/2 X 81 1/2,False
MG3000 WGI XL 39 X 81.5,MG3000 WGI XR 38 X 81,False
MG3000 WGI XL 39 X 81.5,MG3000 WGI XL 38 1/2 X 81 1/2,False
EC HR WG 53 X 38 1/8,EC HR BG 37 X 38 1/8,False
EC HR WG 53 X 38 1/8,EC HR WG 53 X 50 3/8,False
EC HR WG 53 X 38 1/8,EC HR BG 37 X 38 1/8,False
EC HR WG 53 X 38 1/8,EC HR WG 53 X 50 3/8,False
ECO60 BGI 26 1/4 X 25 3/4,MG300 BGI 26 1/4 X 25 3/4,False
ECO60 BGI 26 1/4 X 25 3/4,MG350 BGI 26 1/4 X 25 3/4,False
MG3000 WGI XL 39 X 81.5,ECO600 WGI XR 38 1/2 X 81 1/2,False
MG3000 WGI XL 39 X 81.5,ECO600 WGI XL 38 X 81,False
MG3000 WGI XL 39 X 81.5,ECO600 WGI XR 38 X 81,False
MG3000 WGI XL 39 X 81.5,ECO600 WGI XR 39 X 81 1/2,False
MG3000 WGI XL 39 X 81.5,ECO600 WGI XL 39 X 81 1/2,False
MG3000 WGI XL 39 X 81.5,ECO700 WG 71 3/4 x 79 3/4,False
MG3000 WGI XL 39 X 81.5,MG3000 WG XR 37 X 80,False
MG3000 WGI XL 39 X 81.5,MG3000 WGI XR 38 1/2 X 81 1/2,False
MG3000 WGI XL 39 X 81.5,MG3000 WGI XL 38 X 81,False
MG3000 WGI XL 39 X 81.5,MG3000 WG XL 37 X 80,False
MG3000 WGI XL 39 X 81.5,MG3000 WGI XR 39 X 81 1/2,False
MG3000 WGI XL 39 X 81.5,ECO600 WGI XL 38 1/2 X 81 1/2,False
MG3000 WGI XL 39 X 81.5,MG3000 WGI XR 38 X 81,False
MG3000 WGI XL 39 X 81.5,MG3000 WGI XL 38 1/2 X 81 1/2,False
ECO60 BGI 26 1/4 X 25 3/4,MG300 BGI 26 1/4 X 25 3/4,False
ECO60 BGI 26 1/4 X 25 3/4,MG350 BGI 26 1/4 X 25 3/4,False
MG3000 WGI XL 39 X 81.5,ECO600 WGI XR 38 1/2 X 81 1/2,False
MG3000 WGI XL 39 X 81.5,ECO600 WGI XL 38 X 81,False
MG3000 WGI XL 39 X 81.5,ECO600 WGI XR 38 X 81,False
MG3000 WGI XL 39 X 81.5,ECO600 WGI XR 39 X 81 1/2,False
MG3000 WGI XL 39 X 81.5,ECO600 WGI XL 39 X 81 1/2,False
MG3000 WGI XL 39 X 81.5,ECO700 WG 71 3/4 x 79 3/4,False
MG3000 WGI XL 39 X 81.5,MG3000 WG XR 37 X 80,False
MG3000 WGI XL 39 X 81.5,MG3000 WGI XR 38 1/2 X 81 1/2,False
MG3000 WGI XL 39 X 81.5,MG3000 WGI XL 38 X 81,False
MG3000 WGI XL 39 X 81.5,MG3000 WG XL 37 X 80,False
MG3000 WGI XL 39 X 81.5,MG3000 WGI XR 39 X 81 1/2,False
MG3000 WGI XL 39 X 81.5,ECO600 WGI XL 38 1/2 X 81 1/2,False
MG3000 WGI XL 39 X 81.5,MG3000 WGI XR 38 X 81,False
MG3000 WGI XL 39 X 81.5,MG3000 WGI XL 38 1/2 X 81 1/2,False
MG3000 WGI XR 35 X 81,ECO600 WGI XL 33 X 81,False
MG3000 WGI XR 35 X 81,ECO600 WGI XL 38 X 81,False
MG3000 WGI XR 35 X 81,ECO600 WGI XR 35 X 81,False
MG3000 WGI XR 35 X 81,ECO600 WGI XL 35 X 81,False
MG3000 WGI XR 35 X 81,ECO600 WGI XR 38 X 81,False
MG3000 WGI XR 35 X 81,ECO600 WGI XR 33 X 81,False
MG3000 WGI XR 35 X 81,ECO700 WG 71 3/4 x 79 3/4,False
MG3000 WGI XR 35 X 81,MG3000 WG XL 33 X 81,False
MG3000 WGI XR 35 X 81,MG3000 WGI XL 33 X 81,False
MG3000 WGI XR 35 X 81,MG3000 WG XR 33 X 81,False
MG3000 WGI XR 35 X 81,MG3000 WG XL 35 X 81,False
MG3000 WGI XR 35 X 81,MG3000 WG XR 35 X 81,False
MG3000 WGI XR 35 X 81,MG3000 WG XR 37 X 80,False
MG3000 WGI XR 35 X 81,MG3000 WGI XL 38 X 81,False
MG3000 WGI XR 35 X 81,MG3000 WGI XL 35 X 81,False
MG3000 WGI XR 35 X 81,MG3000 WG XL 37 X 80,False
MG3000 WGI XR 35 X 81,MG3000 WGI XR 33 X 81,False
MG3000 WGI XR 35 X 81,MG3000 WGI XR 38 X 81,False
EC HR WG 53 X 38 1/8,EC HR BG 37 X 38 1/8,False
EC HR WG 53 X 38 1/8,EC HR WG 53 X 50 3/8,False
ECO60 BGI 26 1/4 X 25 3/4,MG300 BGI 26 1/4 X 25 3/4,False
ECO60 BGI 26 1/4 X 25 3/4,MG350 BGI 26 1/4 X 25 3/4,False
MG3000 WGI XL 39 X 81.5,ECO600 WGI XR 38 1/2 X 81 1/2,False
MG3000 WGI XL 39 X 81.5,ECO600 WGI XL 38 X 81,False
MG3000 WGI XL 39 X 81.5,ECO600 WGI XR 38 X 81,False
MG3000 WGI XL 39 X 81.5,ECO600 WGI XR 39 X 81 1/2,False
MG3000 WGI XL 39 X 81.5,ECO600 WGI XL 39 X 81 1/2,False
MG3000 WGI XL 39 X 81.5,ECO700 WG 71 3/4 x 79 3/4,False
MG3000 WGI XL 39 X 81.5,MG3000 WG XR 37 X 80,False
MG3000 WGI XL 39 X 81.5,MG3000 WGI XR 38 1/2 X 81 1/2,False
MG3000 WGI XL 39 X 81.5,MG3000 WGI XL 38 X 81,False
MG3000 WGI XL 39 X 81.5,MG3000 WG XL 37 X 80,False
MG3000 WGI XL 39 X 81.5,MG3000 WGI XR 39 X 81 1/2,False
MG3000 WGI XL 39 X 81.5,ECO600 WGI XL 38 1/2 X 81 1/2,False
MG3000 WGI XL 39 X 81.5,MG3000 WGI XR 38 X 81,False
MG3000 WGI XL 39 X 81.5,MG3000 WGI XL 38 1/2 X 81 1/2,False
MG3000 WGI XR 35 X 81,ECO600 WGI XL 33 X 81,False
MG3000 WGI XR 35 X 81,ECO600 WGI XL 38 X 81,False
MG3000 WGI XR 35 X 81,ECO600 WGI XR 35 X 81,False
MG3000 WGI XR 35 X 81,ECO600 WGI XL 35 X 81,False
MG3000 WGI XR 35 X 81,ECO600 WGI XR 38 X 81,False
MG3000 WGI XR 35 X 81,ECO600 WGI XR 33 X 81,False
MG3000 WGI XR 35 X 81,ECO700 WG 71 3/4 x 79 3/4,False
MG3000 WGI XR 35 X 81,MG3000 WG XL 33 X 81,False
MG3000 WGI XR 35 X 81,MG3000 WGI XL 33 X 81,False
MG3000 WGI XR 35 X 81,MG3000 WG XR 33 X 81,False
MG3000 WGI XR 35 X 81,MG3000 WG XL 35 X 81,False
MG3000 WGI XR 35 X 81,MG3000 WG XR 35 X 81,False
MG3000 WGI XR 35 X 81,MG3000 WG XR 37 X 80,False
MG3000 WGI XR 35 X 81,MG3000 WGI XL 38 X 81,False
MG3000 WGI XR 35 X 81,MG3000 WGI XL 35 X 81,False
MG3000 WGI XR 35 X 81,MG3000 WG XL 37 X 80,False
MG3000 WGI XR 35 X 81,MG3000 WGI XR 33 X 81,False
MG3000 WGI XR 35 X 81,MG3000 WGI XR 38 X 81,False
ECO60 BGI 26 1/4 X 25 3/4,MG300 BGI 26 1/4 X 25 3/4,False
ECO60 BGI 26 1/4 X 25 3/4,MG350 BGI 26 1/4 X 25 3/4,False
MG3000 WGI XL 39 X 81.5,ECO600 WGI XR 38 1/2 X 81 1/2,False
MG3000 WGI XL 39 X 81.5,ECO600 WGI XL 38 X 81,False
MG3000 WGI XL 39 X 81.5,ECO600 WGI XR 38 X 81,False
MG3000 WGI XL 39 X 81.5,ECO600 WGI XR 39 X 81 1/2,False
MG3000 WGI XL 39 X 81.5,ECO600 WGI XL 39 X 81 1/2,False
MG3000 WGI XL 39 X 81.5,ECO700 WG 71 3/4 x 79 3/4,False
MG3000 WGI XL 39 X 81.5,MG3000 WG XR 37 X 80,False
MG3000 WGI XL 39 X 81.5,MG3000 WGI XR 38 1/2 X 81 1/2,False
MG3000 WGI XL 39 X 81.5,MG3000 WGI XL 38 X 81,False
MG3000 WGI XL 39 X 81.5,MG3000 WG XL 37 X 80,False
MG3000 WGI XL 39 X 81.5,MG3000 WGI XR 39 X 81 1/2,False
MG3000 WGI XL 39 X 81.5,ECO600 WGI XL 38 1/2 X 81 1/2,False
MG3000 WGI XL 39 X 81.5,MG3000 WGI XR 38 X 81,False
MG3000 WGI XL 39 X 81.5,MG3000 WGI XL 38 1/2 X 81 1/2,False
MG3000 WGI XR 35 X 81,ECO600 WGI XL 33 X 81,False
MG3000 WGI XR 35 X 81,ECO600 WGI XL 38 X 81,False
MG3000 WGI XR 35 X 81,ECO600 WGI XR 35 X 81,False
MG3000 WGI XR 35 X 81,ECO600 WGI XL 35 X 81,False
MG3000 WGI XR 35 X 81,ECO600 WGI XR 38 X 81,False
MG3000 WGI XR 35 X 81,ECO600 WGI XR 33 X 81,False
MG3000 WGI XR 35 X 81,ECO700 WG 71 3/4 x 79 3/4,False
MG3000 WGI XR 35 X 81,MG3000 WG XL 33 X 81,False
MG3000 WGI XR 35 X 81,MG3000 WGI XL 33 X 81,False
MG3000 WGI XR 35 X 81,MG3000 WG XR 33 X 81,False
MG3000 WGI XR 35 X 81,MG3000 WG XL 35 X 81,False
MG3000 WGI XR 35 X 81,MG3000 WG XR 35 X 81,False
MG3000 WGI XR 35 X 81,MG3000 WG XR 37 X 80,False
MG3000 WGI XR 35 X 81,MG3000 WGI XL 38 X 81,False
MG3000 WGI XR 35 X 81,MG3000 WGI XL 35 X 81,False
MG3000 WGI XR 35 X 81,MG3000 WG XL 37 X 80,False
MG3000 WGI XR 35 X 81,MG3000 WGI XR 33 X 81,False
MG3000 WGI XR 35 X 81,MG3000 WGI XR 38 X 81,False
EC HR WG 53 X 38 1/8,EC HR BG 37 X 38 1/8,False
EC HR WG 53 X 38 1/8,EC HR WG 53 X 50 3/8,False
EC HR WG 53 X 38 1/8,EC HR BG 37 X 38 1/8,False
EC HR WG 53 X 38 1/8,EC HR WG 53 X 50 3/8,False
EC HR WG 53 X 38 1/8,EC HR BG 37 X 38 1/8,False
EC HR WG 53 X 38 1/8,EC HR WG 53 X 50 3/8,False
EC HR WG 53 X 38 1/8,EC HR BG 37 X 38 1/8,False
EC HR WG 53 X 38 1/8,EC HR WG 53 X 50 3/8,False
EC HR WG 53 X 38 1/8,EC HR BG 37 X 38 1/8,False
EC HR WG 53 X 38 1/8,EC HR WG 53 X 50 3/8,False
ECO60 BGI 26 1/4 X 25 3/4,MG300 BGI 26 1/4 X 25 3/4,False
ECO60 BGI 26 1/4 X 25 3/4,MG350 BGI 26 1/4 X 25 3/4,False
MG3000 WGI XL 39 X 81.5,ECO600 WGI XL 33 X 81,False
MG3000 WGI XL 39 X 81.5,ECO600 WGI XR 38 1/2 X 81 1/2,False
MG3000 WGI XL 39 X 81.5,ECO600 WG XXL 59 3/4 X 79 3/4,False
MG3000 WGI XL 39 X 81.5,ECO600 WG XXL 71 3/4 X 79 3/4,False
MG3000 WGI XL 39 X 81.5,ECO600 WGI XL 38 X 81,False
MG3000 WGI XL 39 X 81.5,ECO600 WGI XR 35 X 81,False
MG3000 WGI XL 39 X 81.5,ECO600 WGI XL 35 X 81,False
MG3000 WGI XL 39 X 81.5,ECO600 WGI XR 38 X 81,False
MG3000 WGI XL 39 X 81.5,ECO600 WGI XR 33 X 81,False
MG3000 WGI XL 39 X 81.5,ECO600 WGI XR 39 X 81 1/2,False
MG3000 WGI XL 39 X 81.5,ECO600 WGI XL 39 X 81 1/2,False
MG3000 WGI XL 39 X 81.5,ECO600 WGI XXL 63 X 81,False
MG3000 WGI XL 39 X 81.5,ECO600 WGI XXL 72 X 80,False
MG3000 WGI XL 39 X 81.5,ECO600 WG XXR 59 3/4 X 79 3/4,False
MG3000 WGI XL 39 X 81.5,ECO600 WG XXR 71 3/4 X 79 3/4,False
MG3000 WGI XL 39 X 81.5,ECO600 WGI XXR 72 X 80,False
MG3000 WGI XL 39 X 81.5,ECO700 WG 71 3/4 x 79 3/4,False
MG3000 WGI XL 39 X 81.5,ES-MX3000 WG XX 72 X 80,False
MG3000 WGI XL 39 X 81.5,ES-MX2000 WG XO 73 3/4 X 62 3/4,False
MG3000 WGI XL 39 X 81.5,MG3000 WG XL 33 X 81,False
MG3000 WGI XL 39 X 81.5,ECO600 WGI XXR 63 X 81,False
MG3000 WGI XL 39 X 81.5,MG3000 WGI XL 33 X 81,False
MG3000 WGI XL 39 X 81.5,MG3000 WG XR 33 X 81,False
MG3000 WGI XL 39 X 81.5,MG3000 WG XL 35 X 81,False
MG3000 WGI XL 39 X 81.5,MG3000 WG XR 35 X 81,False
MG3000 WGI XL 39 X 81.5,MG3000 WG XR 37 X 80,False
MG3000 WGI XL 39 X 81.5,MG3000 WGI XR 38 1/2 X 81 1/2,False
MG3000 WGI XL 39 X 81.5,MG3000 WGI XL 38 X 81,False
MG3000 WGI XL 39 X 81.5,MG3000 WGI XL 35 X 81,False
MG3000 WGI XL 39 X 81.5,MG3000 WG XL 37 X 80,False
MG3000 WGI XL 39 X 81.5,MG3000 WGI XXR 63 X 81,False
MG3000 WGI XL 39 X 81.5,MG3000 WGI XR 39 X 81 1/2,False
MG3000 WGI XL 39 X 81.5,MG3000 WGI XXL 75 X 81,False
MG3000 WGI XL 39 X 81.5,MG3000 WGI XXR 75 X 81,False
MG3000 WGI XL 39 X 81.5,MG3000 WG XXL 59 3/4 X 79 3/4,False
MG3000 WGI XL 39 X 81.5,MG300 WG XOX 106 X 38 1/8,False
MG3000 WGI XL 39 X 81.5,MG300 WG XOX 110 3/4 X 62 3/4,False
MG3000 WGI XL 39 X 81.5,MG3000 WGI XXR 76 X 82,False
MG3000 WGI XL 39 X 81.5,MG300 WG XOX 110 3/4 X 38 1/8,False
MG3000 WGI XL 39 X 81.5,MG300 WG XOX 110 3/4 X 50 3/8,False
MG3000 WGI XL 39 X 81.5,MG300 WG XOX 106 X 50 3/8,False
MG3000 WGI XL 39 X 81.5,MG3000 WGI XXL 76 X 82,False
MG3000 WGI XL 39 X 81.5,MG300 WG XOX 106 X 62 3/4,False
MG3000 WGI XL 39 X 81.5,ECO600 WGI XL 38 1/2 X 81 1/2,False
MG3000 WGI XL 39 X 81.5,MG1500 WG XX 59 3/4 X 79 3/4,False
MG3000 WGI XL 39 X 81.5,MG1500 WG XX 95 3/4 X 79 3/4,False
MG3000 WGI XL 39 X 81.5,MG3000 WGI XR 33 X 81,False
MG3000 WGI XL 39 X 81.5,MG3000 WG XXR 71 3/4 X 79 3/4,False
MG3000 WGI XL 39 X 81.5,MG3000 WGI XXR 72 X 80,False
MG3000 WGI XL 39 X 81.5,MG3000 WGI XR 38 X 81,False
MG3000 WGI XL 39 X 81.5,MG3000 WGI XR 35 X 81,False
MG3000 WGI XL 39 X 81.5,MG3000 WGI XL 38 1/2 X 81 1/2,False
MG3000 WGI XL 39 X 81.5,MG3000 WG XXR 59 3/4 X 79 3/4,False
MG3000 WGI XL 39 X 81.5,MG3000 WGI XXL 63 X 81,False
MG3000 WGI XL 39 X 81.5,MG3000 WG XXL 71 3/4 X 79 3/4,False
MG3000 WGI XL 39 X 81.5,MG3000 WGI XXL 72 X 80,False
MG3000 WGI XL 39 X 81.5,MG1500 WG XX 71 3/4 X 79 3/4,False
MG3000 WGI XR 35 X 81,ECO600 WGI XL 33 X 81,False
MG3000 WGI XR 35 X 81,ECO600 WGI XR 38 1/2 X 81 1/2,False
MG3000 WGI XR 35 X 81,ECO600 WG XXL 59 3/4 X 79 3/4,False
MG3000 WGI XR 35 X 81,ECO600 WG XXL 71 3/4 X 79 3/4,False
MG3000 WGI XR 35 X 81,ECO600 WGI XL 38 X 81,False
MG3000 WGI XR 35 X 81,ECO600 WGI XR 35 X 81,False
MG3000 WGI XR 35 X 81,ECO600 WGI XL 35 X 81,False
MG3000 WGI XR 35 X 81,ECO600 WGI XR 38 X 81,False
MG3000 WGI XR 35 X 81,ECO600 WGI XR 33 X 81,False
MG3000 WGI XR 35 X 81,ECO600 WGI XR 39 X 81 1/2,False
MG3000 WGI XR 35 X 81,ECO600 WGI XL 39 X 81 1/2,False
MG3000 WGI XR 35 X 81,ECO600 WGI XXL 63 X 81,False
MG3000 WGI XR 35 X 81,ECO600 WGI XXL 72 X 80,False
MG3000 WGI XR 35 X 81,ECO600 WG XXR 59 3/4 X 79 3/4,False
MG3000 WGI XR 35 X 81,ECO600 WG XXR 71 3/4 X 79 3/4,False
MG3000 WGI XR 35 X 81,ECO600 WGI XXR 72 X 80,False
MG3000 WGI XR 35 X 81,ECO700 WG 71 3/4 x 79 3/4,False
MG3000 WGI XR 35 X 81,ES-MX3000 WG XX 72 X 80,False
MG3000 WGI XR 35 X 81,ES-MX2000 WG XO 73 3/4 X 62 3/4,False
MG3000 WGI XR 35 X 81,MG3000 WG XL 33 X 81,False
MG3000 WGI XR 35 X 81,ECO600 WGI XXR 63 X 81,False
MG3000 WGI XR 35 X 81,MG3000 WGI XL 33 X 81,False
MG3000 WGI XR 35 X 81,MG3000 WG XR 33 X 81,False
MG3000 WGI XR 35 X 81,MG3000 WG XL 35 X 81,False
MG3000 WGI XR 35 X 81,MG3000 WG XR 35 X 81,False
MG3000 WGI XR 35 X 81,MG3000 WG XR 37 X 80,False
MG3000 WGI XR 35 X 81,MG3000 WGI XR 38 1/2 X 81 1/2,False
MG3000 WGI XR 35 X 81,MG3000 WGI XL 38 X 81,False
MG3000 WGI XR 35 X 81,MG3000 WGI XL 35 X 81,False
MG3000 WGI XR 35 X 81,MG3000 WG XL 37 X 80,False
MG3000 WGI XR 35 X 81,MG3000 WGI XXR 63 X 81,False
MG3000 WGI XR 35 X 81,MG3000 WGI XL 39 X 81.5,False
MG3000 WGI XR 35 X 81,MG3000 WGI XR 39 X 81 1/2,False
MG3000 WGI XR 35 X 81,MG3000 WGI XXL 75 X 81,False
MG3000 WGI XR 35 X 81,MG3000 WGI XXR 75 X 81,False
MG3000 WGI XR 35 X 81,MG3000 WG XXL 59 3/4 X 79 3/4,False
MG3000 WGI XR 35 X 81,MG300 WG XOX 106 X 38 1/8,False
MG3000 WGI XR 35 X 81,MG300 WG XOX 110 3/4 X 62 3/4,False
MG3000 WGI XR 35 X 81,MG3000 WGI XXR 76 X 82,False
MG3000 WGI XR 35 X 81,MG300 WG XOX 110 3/4 X 38 1/8,False
MG3000 WGI XR 35 X 81,MG300 WG XOX 110 3/4 X 50 3/8,False
MG3000 WGI XR 35 X 81,MG300 WG XOX 106 X 50 3/8,False
MG3000 WGI XR 35 X 81,MG3000 WGI XXL 76 X 82,False
MG3000 WGI XR 35 X 81,MG300 WG XOX 106 X 62 3/4,False
MG3000 WGI XR 35 X 81,ECO600 WGI XL 38 1/2 X 81 1/2,False
MG3000 WGI XR 35 X 81,MG1500 WG XX 59 3/4 X 79 3/4,False
MG3000 WGI XR 35 X 81,MG1500 WG XX 95 3/4 X 79 3/4,False
MG3000 WGI XR 35 X 81,MG3000 WGI XR 33 X 81,False
MG3000 WGI XR 35 X 81,MG3000 WG XXR 71 3/4 X 79 3/4,False
MG3000 WGI XR 35 X 81,MG3000 WGI XXR 72 X 80,False
MG3000 WGI XR 35 X 81,MG3000 WGI XR 38 X 81,False
MG3000 WGI XR 35 X 81,MG3000 WGI XL 38 1/2 X 81 1/2,False
MG3000 WGI XR 35 X 81,MG3000 WG XXR 59 3/4 X 79 3/4,False
MG3000 WGI XR 35 X 81,MG3000 WGI XXL 63 X 81,False
MG3000 WGI XR 35 X 81,MG3000 WG XXL 71 3/4 X 79 3/4,False
MG3000 WGI XR 35 X 81,MG3000 WGI XXL 72 X 80,False
MG3000 WGI XR 35 X 81,MG1500 WG XX 71 3/4 X 79 3/4,False
ECO60 BGI 26 1/4 X 25 3/4,MG300 BGI 26 1/4 X 25 3/4,False
ECO60 BGI 26 1/4 X 25 3/4,MG350 BGI 26 1/4 X 25 3/4,False
MG3000 WGI XL 39 X 81.5,ECO600 WGI XL 33 X 81,False
MG3000 WGI XL 39 X 81.5,ECO600 WGI XR 38 1/2 X 81 1/2,False
MG3000 WGI XL 39 X 81.5,ECO600 WG XXL 59 3/4 X 79 3/4,False
MG3000 WGI XL 39 X 81.5,ECO600 WG XXL 71 3/4 X 79 3/4,False
MG3000 WGI XL 39 X 81.5,ECO600 WGI XL 38 X 81,False
MG3000 WGI XL 39 X 81.5,ECO600 WGI XR 35 X 81,False
MG3000 WGI XL 39 X 81.5,ECO600 WGI XL 35 X 81,False
MG3000 WGI XL 39 X 81.5,ECO600 WGI XR 38 X 81,False
MG3000 WGI XL 39 X 81.5,ECO600 WGI XR 33 X 81,False
MG3000 WGI XL 39 X 81.5,ECO600 WGI XR 39 X 81 1/2,False
MG3000 WGI XL 39 X 81.5,ECO600 WGI XL 39 X 81 1/2,False
MG3000 WGI XL 39 X 81.5,ECO600 WGI XXL 63 X 81,False
MG3000 WGI XL 39 X 81.5,ECO600 WGI XXL 72 X 80,False
MG3000 WGI XL 39 X 81.5,ECO600 WG XXR 59 3/4 X 79 3/4,False
MG3000 WGI XL 39 X 81.5,ECO600 WG XXR 71 3/4 X 79 3/4,False
MG3000 WGI XL 39 X 81.5,ECO600 WGI XXR 72 X 80,False
MG3000 WGI XL 39 X 81.5,ECO700 WG 71 3/4 x 79 3/4,False
MG3000 WGI XL 39 X 81.5,ES-MX3000 WG XX 72 X 80,False
MG3000 WGI XL 39 X 81.5,ES-MX2000 WG XO 73 3/4 X 62 3/4,False
MG3000 WGI XL 39 X 81.5,MG3000 WG XL 33 X 81,False
MG3000 WGI XL 39 X 81.5,ECO600 WGI XXR 63 X 81,False
MG3000 WGI XL 39 X 81.5,MG3000 WGI XL 33 X 81,False
MG3000 WGI XL 39 X 81.5,MG3000 WG XR 33 X 81,False
MG3000 WGI XL 39 X 81.5,MG3000 WG XL 35 X 81,False
MG3000 WGI XL 39 X 81.5,MG3000 WG XR 35 X 81,False
MG3000 WGI XL 39 X 81.5,MG3000 WG XR 37 X 80,False
MG3000 WGI XL 39 X 81.5,MG3000 WGI XR 38 1/2 X 81 1/2,False
MG3000 WGI XL 39 X 81.5,MG3000 WGI XL 38 X 81,False
MG3000 WGI XL 39 X 81.5,MG3000 WGI XL 35 X 81,False
MG3000 WGI XL 39 X 81.5,MG3000 WG XL 37 X 80,False
MG3000 WGI XL 39 X 81.5,MG3000 WGI XXR 63 X 81,False
MG3000 WGI XL 39 X 81.5,MG3000 WGI XR 39 X 81 1/2,False
MG3000 WGI XL 39 X 81.5,MG3000 WGI XXL 75 X 81,False
MG3000 WGI XL 39 X 81.5,MG3000 WGI XXR 75 X 81,False
MG3000 WGI XL 39 X 81.5,MG3000 WG XXL 59 3/4 X 79 3/4,False
MG3000 WGI XL 39 X 81.5,MG300 WG XOX 106 X 38 1/8,False
MG3000 WGI XL 39 X 81.5,MG300 WG XOX 110 3/4 X 62 3/4,False
MG3000 WGI XL 39 X 81.5,MG3000 WGI XXR 76 X 82,False
MG3000 WGI XL 39 X 81.5,MG300 WG XOX 110 3/4 X 38 1/8,False
MG3000 WGI XL 39 X 81.5,MG300 WG XOX 110 3/4 X 50 3/8,False
MG3000 WGI XL 39 X 81.5,MG300 WG XOX 106 X 50 3/8,False
MG3000 WGI XL 39 X 81.5,MG3000 WGI XXL 76 X 82,False
MG3000 WGI XL 39 X 81.5,MG300 WG XOX 106 X 62 3/4,False
MG3000 WGI XL 39 X 81.5,ECO600 WGI XL 38 1/2 X 81 1/2,False
MG3000 WGI XL 39 X 81.5,MG1500 WG XX 59 3/4 X 79 3/4,False
MG3000 WGI XL 39 X 81.5,MG1500 WG XX 95 3/4 X 79 3/4,False
MG3000 WGI XL 39 X 81.5,MG3000 WGI XR 33 X 81,False
MG3000 WGI XL 39 X 81.5,MG3000 WG XXR 71 3/4 X 79 3/4,False
MG3000 WGI XL 39 X 81.5,MG3000 WGI XXR 72 X 80,False
MG3000 WGI XL 39 X 81.5,MG3000 WGI XR 38 X 81,False
MG3000 WGI XL 39 X 81.5,MG3000 WGI XR 35 X 81,False
MG3000 WGI XL 39 X 81.5,MG3000 WGI XL 38 1/2 X 81 1/2,False
MG3000 WGI XL 39 X 81.5,MG3000 WG XXR 59 3/4 X 79 3/4,False
MG3000 WGI XL 39 X 81.5,MG3000 WGI XXL 63 X 81,False
MG3000 WGI XL 39 X 81.5,MG3000 WG XXL 71 3/4 X 79 3/4,False
MG3000 WGI XL 39 X 81.5,MG3000 WGI XXL 72 X 80,False
MG3000 WGI XL 39 X 81.5,MG1500 WG XX 71 3/4 X 79 3/4,False
MG3000 WGI XR 35 X 81,ECO600 WGI XL 33 X 81,False
MG3000 WGI XR 35 X 81,ECO600 WGI XR 38 1/2 X 81 1/2,False
MG3000 WGI XR 35 X 81,ECO600 WG XXL 59 3/4 X 79 3/4,False
MG3000 WGI XR 35 X 81,ECO600 WG XXL 71 3/4 X 79 3/4,False
MG3000 WGI XR 35 X 81,ECO600 WGI XL 38 X 81,False
MG3000 WGI XR 35 X 81,ECO600 WGI XR 35 X 81,False
MG3000 WGI XR 35 X 81,ECO600 WGI XL 35 X 81,False
MG3000 WGI XR 35 X 81,ECO600 WGI XR 38 X 81,False
MG3000 WGI XR 35 X 81,ECO600 WGI XR 33 X 81,False
MG3000 WGI XR 35 X 81,ECO600 WGI XR 39 X 81 1/2,False
MG3000 WGI XR 35 X 81,ECO600 WGI XL 39 X 81 1/2,False
MG3000 WGI XR 35 X 81,ECO600 WGI XXL 63 X 81,False
MG3000 WGI XR 35 X 81,ECO600 WGI XXL 72 X 80,False
MG3000 WGI XR 35 X 81,ECO600 WG XXR 59 3/4 X 79 3/4,False
MG3000 WGI XR 35 X 81,ECO600 WG XXR 71 3/4 X 79 3/4,False
MG3000 WGI XR 35 X 81,ECO600 WGI XXR 72 X 80,False
MG3000 WGI XR 35 X 81,ECO700 WG 71 3/4 x 79 3/4,False
MG3000 WGI XR 35 X 81,ES-MX3000 WG XX 72 X 80,False
MG3000 WGI XR 35 X 81,ES-MX2000 WG XO 73 3/4 X 62 3/4,False
MG3000 WGI XR 35 X 81,MG3000 WG XL 33 X 81,False
MG3000 WGI XR 35 X 81,ECO600 WGI XXR 63 X 81,False
MG3000 WGI XR 35 X 81,MG3000 WGI XL 33 X 81,False
MG3000 WGI XR 35 X 81,MG3000 WG XR 33 X 81,False
MG3000 WGI XR 35 X 81,MG3000 WG XL 35 X 81,False
MG3000 WGI XR 35 X 81,MG3000 WG XR 35 X 81,False
MG3000 WGI XR 35 X 81,MG3000 WG XR 37 X 80,False
MG3000 WGI XR 35 X 81,MG3000 WGI XR 38 1/2 X 81 1/2,False
MG3000 WGI XR 35 X 81,MG3000 WGI XL 38 X 81,False
MG3000 WGI XR 35 X 81,MG3000 WGI XL 35 X 81,False
MG3000 WGI XR 35 X 81,MG3000 WG XL 37 X 80,False
MG3000 WGI XR 35 X 81,MG3000 WGI XXR 63 X 81,False
MG3000 WGI XR 35 X 81,MG3000 WGI XL 39 X 81.5,False
MG3000 WGI XR 35 X 81,MG3000 WGI XR 39 X 81 1/2,False
MG3000 WGI XR 35 X 81,MG3000 WGI XXL 75 X 81,False
MG3000 WGI XR 35 X 81,MG3000 WGI XXR 75 X 81,False
MG3000 WGI XR 35 X 81,MG3000 WG XXL 59 3/4 X 79 3/4,False
MG3000 WGI XR 35 X 81,MG300 WG XOX 106 X 38 1/8,False
MG3000 WGI XR 35 X 81,MG300 WG XOX 110 3/4 X 62 3/4,False
MG3000 WGI XR 35 X 81,MG3000 WGI XXR 76 X 82,False
MG3000 WGI XR 35 X 81,MG300 WG XOX 110 3/4 X 38 1/8,False
MG3000 WGI XR 35 X 81,MG300 WG XOX 110 3/4 X 50 3/8,False
MG3000 WGI XR 35 X 81,MG300 WG XOX 106 X 50 3/8,False
MG3000 WGI XR 35 X 81,MG3000 WGI XXL 76 X 82,False
MG3000 WGI XR 35 X 81,MG300 WG XOX 106 X 62 3/4,False
MG3000 WGI XR 35 X 81,ECO600 WGI XL 38 1/2 X 81 1/2,False
MG3000 WGI XR 35 X 81,MG1500 WG XX 59 3/4 X 79 3/4,False
MG3000 WGI XR 35 X 81,MG1500 WG XX 95 3/4 X 79 3/4,False
MG3000 WGI XR 35 X 81,MG3000 WGI XR 33 X 81,False
MG3000 WGI XR 35 X 81,MG3000 WG XXR 71 3/4 X 79 3/4,False
MG3000 WGI XR 35 X 81,MG3000 WGI XXR 72 X 80,False
MG3000 WGI XR 35 X 81,MG3000 WGI XR 38 X 81,False
MG3000 WGI XR 35 X 81,MG3000 WGI XL 38 1/2 X 81 1/2,False
MG3000 WGI XR 35 X 81,MG3000 WG XXR 59 3/4 X 79 3/4,False
MG3000 WGI XR 35 X 81,MG3000 WGI XXL 63 X 81,False
MG3000 WGI XR 35 X 81,MG3000 WG XXL 71 3/4 X 79 3/4,False
MG3000 WGI XR 35 X 81,MG3000 WGI XXL 72 X 80,False
MG3000 WGI XR 35 X 81,MG1500 WG XX 71 3/4 X 79 3/4,False
ECO60 BGI 26 1/4 X 25 3/4,MG300 BGI 26 1/4 X 25 3/4,False
ECO60 BGI 26 1/4 X 25 3/4,MG350 BGI 26 1/4 X 25 3/4,False
MG3000 WGI XL 39 X 81.5,ECO600 WGI XR 38 1/2 X 81 1/2,False
MG3000 WGI XL 39 X 81.5,ECO600 WGI XL 38 X 81,False
MG3000 WGI XL 39 X 81.5,ECO600 WGI XR 38 X 81,False
MG3000 WGI XL 39 X 81.5,ECO600 WGI XR 39 X 81 1/2,False
MG3000 WGI XL 39 X 81.5,ECO600 WGI XL 39 X 81 1/2,False
MG3000 WGI XL 39 X 81.5,ECO700 WG 71 3/4 x 79 3/4,False
MG3000 WGI XL 39 X 81.5,MG3000 WG XR 37 X 80,False
MG3000 WGI XL 39 X 81.5,MG3000 WGI XR 38 1/2 X 81 1/2,False
MG3000 WGI XL 39 X 81.5,MG3000 WGI XL 38 X 81,False
MG3000 WGI XL 39 X 81.5,MG3000 WG XL 37 X 80,False
MG3000 WGI XL 39 X 81.5,MG3000 WGI XR 39 X 81 1/2,False
MG3000 WGI XL 39 X 81.5,ECO600 WGI XL 38 1/2 X 81 1/2,False
MG3000 WGI XL 39 X 81.5,MG3000 WGI XR 38 X 81,False
MG3000 WGI XL 39 X 81.5,MG3000 WGI XL 38 1/2 X 81 1/2,False
MG3000 WGI XR 35 X 81,ECO600 WGI XL 33 X 81,False
MG3000 WGI XR 35 X 81,ECO600 WGI XL 38 X 81,False
MG3000 WGI XR 35 X 81,ECO600 WGI XR 35 X 81,False
MG3000 WGI XR 35 X 81,ECO600 WGI XL 35 X 81,False
MG3000 WGI XR 35 X 81,ECO600 WGI XR 38 X 81,False
MG3000 WGI XR 35 X 81,ECO600 WGI XR 33 X 81,False
MG3000 WGI XR 35 X 81,ECO700 WG 71 3/4 x 79 3/4,False
MG3000 WGI XR 35 X 81,MG3000 WG XL 33 X 81,False
MG3000 WGI XR 35 X 81,MG3000 WGI XL 33 X 81,False
MG3000 WGI XR 35 X 81,MG3000 WG XR 33 X 81,False
MG3000 WGI XR 35 X 81,MG3000 WG XL 35 X 81,False
MG3000 WGI XR 35 X 81,MG3000 WG XR 35 X 81,False
MG3000 WGI XR 35 X 81,MG3000 WG XR 37 X 80,False
MG3000 WGI XR 35 X 81,MG3000 WGI XL 38 X 81,False
MG3000 WGI XR 35 X 81,MG3000 WGI XL 35 X 81,False
MG3000 WGI XR 35 X 81,MG3000 WG XL 37 X 80,False
MG3000 WGI XR 35 X 81,MG3000 WGI XR 33 X 81,False
MG3000 WGI XR 35 X 81,MG3000 WGI XR 38 X 81,False
EC HR WG 53 X 38 1/8,EC HR BG 37 X 38 1/8,False
EC HR WG 53 X 38 1/8,EC HR WG 53 X 50 3/8,False
EC HR WG 53 X 38 1/8,EC HR BG 37 X 38 1/8,False
EC HR WG 53 X 38 1/8,EC HR WG 53 X 50 3/8,False
EC HR WG 53 X 38 1/8,EC HR BG 37 X 38 1/8,False
EC HR WG 53 X 38 1/8,EC HR WG 53 X 50 3/8,False
ECO60 BGI 26 1/4 X 25 3/4,MG300 BGI 26 1/4 X 25 3/4,False
ECO60 BGI 26 1/4 X 25 3/4,MG350 BGI 26 1/4 X 25 3/4,False
MG3000 WGI XL 39 X 81.5,ECO600 WGI XR 38 1/2 X 81 1/2,False
MG3000 WGI XL 39 X 81.5,ECO600 WGI XL 38 X 81,False
MG3000 WGI XL 39 X 81.5,ECO600 WGI XR 38 X 81,False
MG3000 WGI XL 39 X 81.5,ECO600 WGI XR 39 X 81 1/2,False
MG3000 WGI XL 39 X 81.5,ECO600 WGI XL 39 X 81 1/2,False
MG3000 WGI XL 39 X 81.5,ECO700 WG 71 3/4 x 79 3/4,False
MG3000 WGI XL 39 X 81.5,MG3000 WG XR 37 X 80,False
MG3000 WGI XL 39 X 81.5,MG3000 WGI XR 38 1/2 X 81 1/2,False
MG3000 WGI XL 39 X 81.5,MG3000 WGI XL 38 X 81,False
MG3000 WGI XL 39 X 81.5,MG3000 WG XL 37 X 80,False
MG3000 WGI XL 39 X 81.5,MG3000 WGI XR 39 X 81 1/2,False
MG3000 WGI XL 39 X 81.5,ECO600 WGI XL 38 1/2 X 81 1/2,False
MG3000 WGI XL 39 X 81.5,MG3000 WGI XR 38 X 81,False
MG3000 WGI XL 39 X 81.5,MG3000 WGI XL 38 1/2 X 81 1/2,False
MG3000 WGI XR 35 X 81,ECO600 WGI XL 33 X 81,False
MG3000 WGI XR 35 X 81,ECO600 WGI XL 38 X 81,False
MG3000 WGI XR 35 X 81,ECO600 WGI XR 35 X 81,False
MG3000 WGI XR 35 X 81,ECO600 WGI XL 35 X 81,False
MG3000 WGI XR 35 X 81,ECO600 WGI XR 38 X 81,False
MG3000 WGI XR 35 X 81,ECO600 WGI XR 33 X 81,False
MG3000 WGI XR 35 X 81,ECO700 WG 71 3/4 x 79 3/4,False
MG3000 WGI XR 35 X 81,MG3000 WG XL 33 X 81,False
MG3000 WGI XR 35 X 81,MG3000 WGI XL 33 X 81,False
MG3000 WGI XR 35 X 81,MG3000 WG XR 33 X 81,False
MG3000 WGI XR 35 X 81,MG3000 WG XL 35 X 81,False
MG3000 WGI XR 35 X 81,MG3000 WG XR 35 X 81,False
MG3000 WGI XR 35 X 81,MG3000 WG XR 37 X 80,False
MG3000 WGI XR 35 X 81,MG3000 WGI XL 38 X 81,False
MG3000 WGI XR 35 X 81,MG3000 WGI XL 35 X 81,False
MG3000 WGI XR 35 X 81,MG3000 WG XL 37 X 80,False
MG3000 WGI XR 35 X 81,MG3000 WGI XR 33 X 81,False
MG3000 WGI XR 35 X 81,MG3000 WGI XR 38 X 81,False
ECO60 BGI 26 1/4 X 25 3/4,MG300 BGI 26 1/4 X 25 3/4,False
ECO60 BGI 26 1/4 X 25 3/4,MG350 BGI 26 1/4 X 25 3/4,False
MG3000 WGI XL 39 X 81.5,ECO600 WGI XR 38 1/2 X 81 1/2,False
MG3000 WGI XL 39 X 81.5,ECO600 WGI XL 38 X 81,False
MG3000 WGI XL 39 X 81.5,ECO600 WGI XR 38 X 81,False
MG3000 WGI XL 39 X 81.5,ECO600 WGI XR 39 X 81 1/2,False
MG3000 WGI XL 39 X 81.5,ECO600 WGI XL 39 X 81 1/2,False
MG3000 WGI XL 39 X 81.5,ECO700 WG 71 3/4 x 79 3/4,False
MG3000 WGI XL 39 X 81.5,MG3000 WG XR 37 X 80,False
MG3000 WGI XL 39 X 81.5,MG3000 WGI XR 38 1/2 X 81 1/2,False
MG3000 WGI XL 39 X 81.5,MG3000 WGI XL 38 X 81,False
MG3000 WGI XL 39 X 81.5,MG3000 WG XL 37 X 80,False
MG3000 WGI XL 39 X 81.5,MG3000 WGI XR 39 X 81 1/2,False
MG3000 WGI XL 39 X 81.5,ECO600 WGI XL 38 1/2 X 81 1/2,False
MG3000 WGI XL 39 X 81.5,MG3000 WGI XR 38 X 81,False
MG3000 WGI XL 39 X 81.5,MG3000 WGI XL 38 1/2 X 81 1/2,False
MG3000 WGI XR 35 X 81,ECO600 WGI XL 33 X 81,False
MG3000 WGI XR 35 X 81,ECO600 WGI XL 38 X 81,False
MG3000 WGI XR 35 X 81,ECO600 WGI XR 35 X 81,False
MG3000 WGI XR 35 X 81,ECO600 WGI XL 35 X 81,False
MG3000 WGI XR 35 X 81,ECO600 WGI XR 38 X 81,False
MG3000 WGI XR 35 X 81,ECO600 WGI XR 33 X 81,False
MG3000 WGI XR 35 X 81,ECO700 WG 71 3/4 x 79 3/4,False
MG3000 WGI XR 35 X 81,MG3000 WG XL 33 X 81,False
MG3000 WGI XR 35 X 81,MG3000 WGI XL 33 X 81,False
MG3000 WGI XR 35 X 81,MG3000 WG XR 33 X 81,False
MG3000 WGI XR 35 X 81,MG3000 WG XL 35 X 81,False
MG3000 WGI XR 35 X 81,MG3000 WG XR 35 X 81,False
MG3000 WGI XR 35 X 81,MG3000 WG XR 37 X 80,False
MG3000 WGI XR 35 X 81,MG3000 WGI XL 38 X 81,False
MG3000 WGI XR 35 X 81,MG3000 WGI XL 35 X 81,False
MG3000 WGI XR 35 X 81,MG3000 WG XL 37 X 80,False
MG3000 WGI XR 35 X 81,MG3000 WGI XR 33 X 81,False
MG3000 WGI XR 35 X 81,MG3000 WGI XR 38 X 81,False
MG350 WG 106 X 38 1/8,ECO700 WG 71 3/4 x 79 3/4,False
MG350 WG 106 X 38 1/8,MG300 WG XOX 106 X 38 1/8,False
ECO60 BGI 26 1/4 X 25 3/4,MG300 BGI 26 1/4 X 25 3/4,False
ECO60 BGI 26 1/4 X 25 3/4,MG350 BGI 26 1/4 X 25 3/4,False
MG3000 WGI XL 39 X 81.5,ECO600 WGI XR 38 1/2 X 81 1/2,False
MG3000 WGI XL 39 X 81.5,ECO600 WGI XL 38 X 81,False
MG3000 WGI XL 39 X 81.5,ECO600 WGI XR 38 X 81,False
MG3000 WGI XL 39 X 81.5,ECO600 WGI XR 39 X 81 1/2,False
MG3000 WGI XL 39 X 81.5,ECO600 WGI XL 39 X 81 1/2,False
MG3000 WGI XL 39 X 81.5,ECO700 WG 71 3/4 x 79 3/4,False
MG3000 WGI XL 39 X 81.5,MG3000 WG XR 37 X 80,False
MG3000 WGI XL 39 X 81.5,MG3000 WGI XR 38 1/2 X 81 1/2,False
MG3000 WGI XL 39 X 81.5,MG3000 WGI XL 38 X 81,False
MG3000 WGI XL 39 X 81.5,MG3000 WG XL 37 X 80,False
MG3000 WGI XL 39 X 81.5,MG3000 WGI XR 39 X 81 1/2,False
MG3000 WGI XL 39 X 81.5,ECO600 WGI XL 38 1/2 X 81 1/2,False
MG3000 WGI XL 39 X 81.5,MG3000 WGI XR 38 X 81,False
MG3000 WGI XL 39 X 81.5,MG3000 WGI XL 38 1/2 X 81 1/2,False
MG3000 WGI XR 35 X 81,ECO600 WGI XL 33 X 81,False
MG3000 WGI XR 35 X 81,ECO600 WGI XL 38 X 81,False
MG3000 WGI XR 35 X 81,ECO600 WGI XR 35 X 81,False
MG3000 WGI XR 35 X 81,ECO600 WGI XL 35 X 81,False
MG3000 WGI XR 35 X 81,ECO600 WGI XR 38 X 81,False
MG3000 WGI XR 35 X 81,ECO600 WGI XR 33 X 81,False
MG3000 WGI XR 35 X 81,ECO700 WG 71 3/4 x 79 3/4,False
MG3000 WGI XR 35 X 81,MG3000 WG XL 33 X 81,False
MG3000 WGI XR 35 X 81,MG3000 WGI XL 33 X 81,False
MG3000 WGI XR 35 X 81,MG3000 WG XR 33 X 81,False
MG3000 WGI XR 35 X 81,MG3000 WG XL 35 X 81,False
MG3000 WGI XR 35 X 81,MG3000 WG XR 35 X 81,False
MG3000 WGI XR 35 X 81,MG3000 WG XR 37 X 80,False
MG3000 WGI XR 35 X 81,MG3000 WGI XL 38 X 81,False
MG3000 WGI XR 35 X 81,MG3000 WGI XL 35 X 81,False
MG3000 WGI XR 35 X 81,MG3000 WG XL 37 X 80,False
MG3000 WGI XR 35 X 81,MG3000 WGI XR 33 X 81,False
MG3000 WGI XR 35 X 81,MG3000 WGI XR 38 X 81,False
MG350 WG 106 X 38 1/8,ECO700 WG 71 3/4 x 79 3/4,False
MG350 WG 106 X 38 1/8,MG300 WG XOX 106 X 38 1/8,False
MG350 PW BG 36 3/4 X 74,MG350 SH BG 36 3/4 X 74,False
MG350 PW BG 36 3/4 X 74,MG200 BGI 35 X 73 1/2,False
MG350 PW BG 36 3/4 X 74,MG200 BG 36 3/4 X 74,False
ECO60 BGI 26 1/4 X 25 3/4,MG300 BGI 26 1/4 X 25 3/4,False
ECO60 BGI 26 1/4 X 25 3/4,MG350 BGI 26 1/4 X 25 3/4,False
MG3000 WGI XL 39 X 81.5,ECO600 WGI XR 38 1/2 X 81 1/2,False
MG3000 WGI XL 39 X 81.5,ECO600 WGI XL 38 X 81,False
MG3000 WGI XL 39 X 81.5,ECO600 WGI XR 38 X 81,False
MG3000 WGI XL 39 X 81.5,ECO600 WGI XR 39 X 81 1/2,False
MG3000 WGI XL 39 X 81.5,ECO600 WGI XL 39 X 81 1/2,False
MG3000 WGI XL 39 X 81.5,ECO700 WG 71 3/4 x 79 3/4,False
MG3000 WGI XL 39 X 81.5,MG3000 WG XR 37 X 80,False
MG3000 WGI XL 39 X 81.5,MG3000 WGI XR 38 1/2 X 81 1/2,False
MG3000 WGI XL 39 X 81.5,MG3000 WGI XL 38 X 81,False
MG3000 WGI XL 39 X 81.5,MG3000 WG XL 37 X 80,False
MG3000 WGI XL 39 X 81.5,MG3000 WGI XR 39 X 81 1/2,False
MG3000 WGI XL 39 X 81.5,ECO600 WGI XL 38 1/2 X 81 1/2,False
MG3000 WGI XL 39 X 81.5,MG3000 WGI XR 38 X 81,False
MG3000 WGI XL 39 X 81.5,MG3000 WGI XL 38 1/2 X 81 1/2,False
MG3000 WGI XR 35 X 81,ECO600 WGI XL 33 X 81,False
MG3000 WGI XR 35 X 81,ECO600 WGI XL 38 X 81,False
MG3000 WGI XR 35 X 81,ECO600 WGI XR 35 X 81,False
MG3000 WGI XR 35 X 81,ECO600 WGI XL 35 X 81,False
MG3000 WGI XR 35 X 81,ECO600 WGI XR 38 X 81,False
MG3000 WGI XR 35 X 81,ECO600 WGI XR 33 X 81,False
MG3000 WGI XR 35 X 81,ECO700 WG 71 3/4 x 79 3/4,False
MG3000 WGI XR 35 X 81,MG3000 WG XL 33 X 81,False
MG3000 WGI XR 35 X 81,MG3000 WGI XL 33 X 81,False
MG3000 WGI XR 35 X 81,MG3000 WG XR 33 X 81,False
MG3000 WGI XR 35 X 81,MG3000 WG XL 35 X 81,False
MG3000 WGI XR 35 X 81,MG3000 WG XR 35 X 81,False
MG3000 WGI XR 35 X 81,MG3000 WG XR 37 X 80,False
MG3000 WGI XR 35 X 81,MG3000 WGI XL 38 X 81,False
MG3000 WGI XR 35 X 81,MG3000 WGI XL 35 X 81,False
MG3000 WGI XR 35 X 81,MG3000 WG XL 37 X 80,False
MG3000 WGI XR 35 X 81,MG3000 WGI XR 33 X 81,False
MG3000 WGI XR 35 X 81,MG3000 WGI XR 38 X 81,False
MG350 WG 106 X 38 1/8,ECO700 WG 71 3/4 x 79 3/4,False
MG350 WG 106 X 38 1/8,MG300 WG XOX 106 X 38 1/8,False
MG350 PW BG 36 3/4 X 74,MG350 SH BG 36 3/4 X 74,False
MG350 PW BG 36 3/4 X 74,MG200 BGI 35 X 73 1/2,False
MG350 PW BG 36 3/4 X 74,MG200 BG 36 3/4 X 74,False
ECO60 BGI 26 1/4 X 25 3/4,MG300 BGI 26 1/4 X 25 3/4,False
ECO60 BGI 26 1/4 X 25 3/4,MG350 BGI 26 1/4 X 25 3/4,False
MG3000 WGI XL 39 X 81.5,ECO600 WGI XR 38 1/2 X 81 1/2,False
MG3000 WGI XL 39 X 81.5,ECO600 WGI XL 38 X 81,False
MG3000 WGI XL 39 X 81.5,ECO600 WGI XR 38 X 81,False
MG3000 WGI XL 39 X 81.5,ECO600 WGI XR 39 X 81 1/2,False
MG3000 WGI XL 39 X 81.5,ECO600 WGI XL 39 X 81 1/2,False
MG3000 WGI XL 39 X 81.5,ECO700 WG 71 3/4 x 79 3/4,False
MG3000 WGI XL 39 X 81.5,MG3000 WG XR 37 X 80,False
MG3000 WGI XL 39 X 81.5,MG3000 WGI XR 38 1/2 X 81 1/2,False
MG3000 WGI XL 39 X 81.5,MG3000 WGI XL 38 X 81,False
MG3000 WGI XL 39 X 81.5,MG3000 WG XL 37 X 80,False
MG3000 WGI XL 39 X 81.5,MG3000 WGI XR 39 X 81 1/2,False
MG3000 WGI XL 39 X 81.5,ECO600 WGI XL 38 1/2 X 81 1/2,False
MG3000 WGI XL 39 X 81.5,MG3000 WGI XR 38 X 81,False
MG3000 WGI XL 39 X 81.5,MG3000 WGI XL 38 1/2 X 81 1/2,False
MG3000 WGI XR 35 X 81,ECO600 WGI XL 33 X 81,False
MG3000 WGI XR 35 X 81,ECO600 WGI XL 38 X 81,False
MG3000 WGI XR 35 X 81,ECO600 WGI XR 35 X 81,False
MG3000 WGI XR 35 X 81,ECO600 WGI XL 35 X 81,False
MG3000 WGI XR 35 X 81,ECO600 WGI XR 38 X 81,False
MG3000 WGI XR 35 X 81,ECO600 WGI XR 33 X 81,False
MG3000 WGI XR 35 X 81,ECO700 WG 71 3/4 x 79 3/4,False
MG3000 WGI XR 35 X 81,MG3000 WG XL 33 X 81,False
MG3000 WGI XR 35 X 81,MG3000 WGI XL 33 X 81,False
MG3000 WGI XR 35 X 81,MG3000 WG XR 33 X 81,False
MG3000 WGI XR 35 X 81,MG3000 WG XL 35 X 81,False
MG3000 WGI XR 35 X 81,MG3000 WG XR 35 X 81,False
MG3000 WGI XR 35 X 81,MG3000 WG XR 37 X 80,False
MG3000 WGI XR 35 X 81,MG3000 WGI XL 38 X 81,False
MG3000 WGI XR 35 X 81,MG3000 WGI XL 35 X 81,False
MG3000 WGI XR 35 X 81,MG3000 WG XL 37 X 80,False
MG3000 WGI XR 35 X 81,MG3000 WGI XR 33 X 81,False
MG3000 WGI XR 35 X 81,MG3000 WGI XR 38 X 81,False
MG350 WG 106 X 38 1/8,ECO700 WG 71 3/4 x 79 3/4,False
MG350 WG 106 X 38 1/8,MG300 WG XOX 106 X 38 1/8,False
MG350 PW BG 36 3/4 X 74,MG350 SH BG 36 3/4 X 74,False
MG350 PW BG 36 3/4 X 74,MG200 BGI 35 X 73 1/2,False
MG350 PW BG 36 3/4 X 74,MG200 BG 36 3/4 X 74,False
EC HR WG 53 X 38 1/8,EC HR BG 37 X 38 1/8,False
EC HR WG 53 X 38 1/8,EC HR WG 53 X 50 3/8,False
ECO60 BGI 26 1/4 X 25 3/4,MG300 BGI 26 1/4 X 25 3/4,False
ECO60 BGI 26 1/4 X 25 3/4,MG350 BGI 26 1/4 X 25 3/4,False
MG3000 WGI XL 39 X 81.5,ECO600 WGI XR 38 1/2 X 81 1/2,False
MG3000 WGI XL 39 X 81.5,ECO600 WGI XL 38 X 81,False
MG3000 WGI XL 39 X 81.5,ECO600 WGI XR 38 X 81,False
MG3000 WGI XL 39 X 81.5,ECO600 WGI XR 39 X 81 1/2,False
MG3000 WGI XL 39 X 81.5,ECO600 WGI XL 39 X 81 1/2,False
MG3000 WGI XL 39 X 81.5,ECO700 WG 71 3/4 x 79 3/4,False
MG3000 WGI XL 39 X 81.5,MG3000 WG XR 37 X 80,False
MG3000 WGI XL 39 X 81.5,MG3000 WGI XR 38 1/2 X 81 1/2,False
MG3000 WGI XL 39 X 81.5,MG3000 WGI XL 38 X 81,False
MG3000 WGI XL 39 X 81.5,MG3000 WG XL 37 X 80,False
MG3000 WGI XL 39 X 81.5,MG3000 WGI XR 39 X 81 1/2,False
MG3000 WGI XL 39 X 81.5,ECO600 WGI XL 38 1/2 X 81 1/2,False
MG3000 WGI XL 39 X 81.5,MG3000 WGI XR 38 X 81,False
MG3000 WGI XL 39 X 81.5,MG3000 WGI XL 38 1/2 X 81 1/2,False
MG3000 WGI XR 35 X 81,ECO600 WGI XL 33 X 81,False
MG3000 WGI XR 35 X 81,ECO600 WGI XL 38 X 81,False
MG3000 WGI XR 35 X 81,ECO600 WGI XR 35 X 81,False
MG3000 WGI XR 35 X 81,ECO600 WGI XL 35 X 81,False
MG3000 WGI XR 35 X 81,ECO600 WGI XR 38 X 81,False
MG3000 WGI XR 35 X 81,ECO600 WGI XR 33 X 81,False
MG3000 WGI XR 35 X 81,ECO700 WG 71 3/4 x 79 3/4,False
MG3000 WGI XR 35 X 81,MG3000 WG XL 33 X 81,False
MG3000 WGI XR 35 X 81,MG3000 WGI XL 33 X 81,False
MG3000 WGI XR 35 X 81,MG3000 WG XR 33 X 81,False
MG3000 WGI XR 35 X 81,MG3000 WG XL 35 X 81,False
MG3000 WGI XR 35 X 81,MG3000 WG XR 35 X 81,False
MG3000 WGI XR 35 X 81,MG3000 WG XR 37 X 80,False
MG3000 WGI XR 35 X 81,MG3000 WGI XL 38 X 81,False
MG3000 WGI XR 35 X 81,MG3000 WGI XL 35 X 81,False
MG3000 WGI XR 35 X 81,MG3000 WG XL 37 X 80,False
MG3000 WGI XR 35 X 81,MG3000 WGI XR 33 X 81,False
MG3000 WGI XR 35 X 81,MG3000 WGI XR 38 X 81,False
MG350 WG 106 X 38 1/8,ECO700 WG 71 3/4 x 79 3/4,False
MG350 WG 106 X 38 1/8,MG300 WG XOX 106 X 38 1/8,False
MG350 PW BG 36 3/4 X 74,MG350 SH BG 36 3/4 X 74,False
MG350 PW BG 36 3/4 X 74,MG200 BGI 35 X 73 1/2,False
MG350 PW BG 36 3/4 X 74,MG200 BG 36 3/4 X 74,False
EC HR WG 53 X 38 1/8,EC HR BG 37 X 38 1/8,False
EC HR WG 53 X 38 1/8,EC HR WG 53 X 50 3/8,False
EC HR BG 37 X 38 1/8,EC HR WG 53 X 38 1/8,False
EC HR BG 37 X 38 1/8,EC HR WG 53 X 50 3/8,False
EC HR WG 53 X 38 1/8,EC HR BG 37 X 38 1/8,False
EC HR WG 53 X 38 1/8,EC HR WG 53 X 50 3/8,False
ECO60 BGI 26 1/4 X 25 3/4,MG300 BGI 26 1/4 X 25 3/4,False
ECO60 BGI 26 1/4 X 25 3/4,MG350 BGI 26 1/4 X 25 3/4,False
MG3000 WGI XL 39 X 81.5,ECO600 WGI XL 33 X 81,False
MG3000 WGI XL 39 X 81.5,ECO600 WGI XR 38 1/2 X 81 1/2,False
MG3000 WGI XL 39 X 81.5,ECO600 WG XXL 59 3/4 X 79 3/4,False
MG3000 WGI XL 39 X 81.5,ECO600 WG XXL 71 3/4 X 79 3/4,False
MG3000 WGI XL 39 X 81.5,ECO600 WGI XL 38 X 81,False
MG3000 WGI XL 39 X 81.5,ECO600 WGI XR 35 X 81,False
MG3000 WGI XL 39 X 81.5,ECO600 WGI XL 35 X 81,False
MG3000 WGI XL 39 X 81.5,ECO600 WGI XR 38 X 81,False
MG3000 WGI XL 39 X 81.5,ECO600 WGI XR 33 X 81,False
MG3000 WGI XL 39 X 81.5,ECO600 WGI XR 39 X 81 1/2,False
MG3000 WGI XL 39 X 81.5,ECO600 WGI XL 39 X 81 1/2,False
MG3000 WGI XL 39 X 81.5,ECO600 WGI XXL 63 X 81,False
MG3000 WGI XL 39 X 81.5,ECO600 WGI XXL 72 X 80,False
MG3000 WGI XL 39 X 81.5,ECO600 WG XXR 59 3/4 X 79 3/4,False
MG3000 WGI XL 39 X 81.5,ECO600 WG XXR 71 3/4 X 79 3/4,False
MG3000 WGI XL 39 X 81.5,ECO600 WGI XXR 72 X 80,False
MG3000 WGI XL 39 X 81.5,ECO700 WG 71 3/4 x 79 3/4,False
MG3000 WGI XL 39 X 81.5,ES-MX3000 WG XX 72 X 80,False
MG3000 WGI XL 39 X 81.5,ES-MX2000 WG XO 73 3/4 X 62 3/4,False
MG3000 WGI XL 39 X 81.5,MG3000 WG XL 33 X 81,False
MG3000 WGI XL 39 X 81.5,ECO600 WGI XXR 63 X 81,False
MG3000 WGI XL 39 X 81.5,MG3000 WGI XL 33 X 81,False
MG3000 WGI XL 39 X 81.5,MG3000 WG XR 33 X 81,False
MG3000 WGI XL 39 X 81.5,MG3000 WG XL 35 X 81,False
MG3000 WGI XL 39 X 81.5,MG3000 WG XR 35 X 81,False
MG3000 WGI XL 39 X 81.5,MG3000 WG XR 37 X 80,False
MG3000 WGI XL 39 X 81.5,MG3000 WGI XR 38 1/2 X 81 1/2,False
MG3000 WGI XL 39 X 81.5,MG3000 WGI XL 38 X 81,False
MG3000 WGI XL 39 X 81.5,MG3000 WGI XL 35 X 81,False
MG3000 WGI XL 39 X 81.5,MG3000 WG XL 37 X 80,False
MG3000 WGI XL 39 X 81.5,MG3000 WGI XXR 63 X 81,False
MG3000 WGI XL 39 X 81.5,MG3000 WGI XR 39 X 81 1/2,False
MG3000 WGI XL 39 X 81.5,MG3000 WGI XXL 75 X 81,False
MG3000 WGI XL 39 X 81.5,MG3000 WGI XXR 75 X 81,False
MG3000 WGI XL 39 X 81.5,MG3000 WG XXL 59 3/4 X 79 3/4,False
MG3000 WGI XL 39 X 81.5,MG300 WG XOX 106 X 38 1/8,False
MG3000 WGI XL 39 X 81.5,MG300 WG XOX 110 3/4 X 62 3/4,False
MG3000 WGI XL 39 X 81.5,MG3000 WGI XXR 76 X 82,False
MG3000 WGI XL 39 X 81.5,MG300 WG XOX 110 3/4 X 38 1/8,False
MG3000 WGI XL 39 X 81.5,MG300 WG XOX 110 3/4 X 50 3/8,False
MG3000 WGI XL 39 X 81.5,MG300 WG XOX 106 X 50 3/8,False
MG3000 WGI XL 39 X 81.5,MG3000 WGI XXL 76 X 82,False
MG3000 WGI XL 39 X 81.5,MG300 WG XOX 106 X 62 3/4,False
MG3000 WGI XL 39 X 81.5,ECO600 WGI XL 38 1/2 X 81 1/2,False
MG3000 WGI XL 39 X 81.5,MG1500 WG XX 59 3/4 X 79 3/4,False
MG3000 WGI XL 39 X 81.5,MG1500 WG XX 95 3/4 X 79 3/4,False
MG3000 WGI XL 39 X 81.5,MG3000 WGI XR 33 X 81,False
MG3000 WGI XL 39 X 81.5,MG3000 WG XXR 71 3/4 X 79 3/4,False
MG3000 WGI XL 39 X 81.5,MG3000 WGI XXR 72 X 80,False
MG3000 WGI XL 39 X 81.5,MG3000 WGI XR 38 X 81,False
MG3000 WGI XL 39 X 81.5,MG3000 WGI XR 35 X 81,False
MG3000 WGI XL 39 X 81.5,MG3000 WGI XL 38 1/2 X 81 1/2,False
MG3000 WGI XL 39 X 81.5,MG3000 WG XXR 59 3/4 X 79 3/4,False
MG3000 WGI XL 39 X 81.5,MG3000 WGI XXL 63 X 81,False
MG3000 WGI XL 39 X 81.5,MG3000 WG XXL 71 3/4 X 79 3/4,False
MG3000 WGI XL 39 X 81.5,MG3000 WGI XXL 72 X 80,False
MG3000 WGI XL 39 X 81.5,MG1500 WG XX 71 3/4 X 79 3/4,False
MG3000 WGI XR 35 X 81,ECO600 WGI XL 33 X 81,False
MG3000 WGI XR 35 X 81,ECO600 WGI XR 38 1/2 X 81 1/2,False
MG3000 WGI XR 35 X 81,ECO600 WG XXL 59 3/4 X 79 3/4,False
MG3000 WGI XR 35 X 81,ECO600 WG XXL 71 3/4 X 79 3/4,False
MG3000 WGI XR 35 X 81,ECO600 WGI XL 38 X 81,False
MG3000 WGI XR 35 X 81,ECO600 WGI XR 35 X 81,False
MG3000 WGI XR 35 X 81,ECO600 WGI XL 35 X 81,False
MG3000 WGI XR 35 X 81,ECO600 WGI XR 38 X 81,False
MG3000 WGI XR 35 X 81,ECO600 WGI XR 33 X 81,False
MG3000 WGI XR 35 X 81,ECO600 WGI XR 39 X 81 1/2,False
MG3000 WGI XR 35 X 81,ECO600 WGI XL 39 X 81 1/2,False
MG3000 WGI XR 35 X 81,ECO600 WGI XXL 63 X 81,False
MG3000 WGI XR 35 X 81,ECO600 WGI XXL 72 X 80,False
MG3000 WGI XR 35 X 81,ECO600 WG XXR 59 3/4 X 79 3/4,False
MG3000 WGI XR 35 X 81,ECO600 WG XXR 71 3/4 X 79 3/4,False
MG3000 WGI XR 35 X 81,ECO600 WGI XXR 72 X 80,False
MG3000 WGI XR 35 X 81,ECO700 WG 71 3/4 x 79 3/4,False
MG3000 WGI XR 35 X 81,ES-MX3000 WG XX 72 X 80,False
MG3000 WGI XR 35 X 81,ES-MX2000 WG XO 73 3/4 X 62 3/4,False
MG3000 WGI XR 35 X 81,MG3000 WG XL 33 X 81,False
MG3000 WGI XR 35 X 81,ECO600 WGI XXR 63 X 81,False
MG3000 WGI XR 35 X 81,MG3000 WGI XL 33 X 81,False
MG3000 WGI XR 35 X 81,MG3000 WG XR 33 X 81,False
MG3000 WGI XR 35 X 81,MG3000 WG XL 35 X 81,False
MG3000 WGI XR 35 X 81,MG3000 WG XR 35 X 81,False
MG3000 WGI XR 35 X 81,MG3000 WG XR 37 X 80,False
MG3000 WGI XR 35 X 81,MG3000 WGI XR 38 1/2 X 81 1/2,False
MG3000 WGI XR 35 X 81,MG3000 WGI XL 38 X 81,False
MG3000 WGI XR 35 X 81,MG3000 WGI XL 35 X 81,False
MG3000 WGI XR 35 X 81,MG3000 WG XL 37 X 80,False
MG3000 WGI XR 35 X 81,MG3000 WGI XXR 63 X 81,False
MG3000 WGI XR 35 X 81,MG3000 WGI XL 39 X 81.5,False
MG3000 WGI XR 35 X 81,MG3000 WGI XR 39 X 81 1/2,False
MG3000 WGI XR 35 X 81,MG3000 WGI XXL 75 X 81,False
MG3000 WGI XR 35 X 81,MG3000 WGI XXR 75 X 81,False
MG3000 WGI XR 35 X 81,MG3000 WG XXL 59 3/4 X 79 3/4,False
MG3000 WGI XR 35 X 81,MG300 WG XOX 106 X 38 1/8,False
MG3000 WGI XR 35 X 81,MG300 WG XOX 110 3/4 X 62 3/4,False
MG3000 WGI XR 35 X 81,MG3000 WGI XXR 76 X 82,False
MG3000 WGI XR 35 X 81,MG300 WG XOX 110 3/4 X 38 1/8,False
MG3000 WGI XR 35 X 81,MG300 WG XOX 110 3/4 X 50 3/8,False
MG3000 WGI XR 35 X 81,MG300 WG XOX 106 X 50 3/8,False
MG3000 WGI XR 35 X 81,MG3000 WGI XXL 76 X 82,False
MG3000 WGI XR 35 X 81,MG300 WG XOX 106 X 62 3/4,False
MG3000 WGI XR 35 X 81,ECO600 WGI XL 38 1/2 X 81 1/2,False
MG3000 WGI XR 35 X 81,MG1500 WG XX 59 3/4 X 79 3/4,False
MG3000 WGI XR 35 X 81,MG1500 WG XX 95 3/4 X 79 3/4,False
MG3000 WGI XR 35 X 81,MG3000 WGI XR 33 X 81,False
MG3000 WGI XR 35 X 81,MG3000 WG XXR 71 3/4 X 79 3/4,False
MG3000 WGI XR 35 X 81,MG3000 WGI XXR 72 X 80,False
MG3000 WGI XR 35 X 81,MG3000 WGI XR 38 X 81,False
MG3000 WGI XR 35 X 81,MG3000 WGI XL 38 1/2 X 81 1/2,False
MG3000 WGI XR 35 X 81,MG3000 WG XXR 59 3/4 X 79 3/4,False
MG3000 WGI XR 35 X 81,MG3000 WGI XXL 63 X 81,False
MG3000 WGI XR 35 X 81,MG3000 WG XXL 71 3/4 X 79 3/4,False
MG3000 WGI XR 35 X 81,MG3000 WGI XXL 72 X 80,False
MG3000 WGI XR 35 X 81,MG1500 WG XX 71 3/4 X 79 3/4,False
MG350 WG 106 X 38 1/8,ECO700 WG 71 3/4 x 79 3/4,False
MG350 PW BG 36 3/4 X 74,MG350 SH BG 36 3/4 X 74,False
MG350 PW BG 36 3/4 X 74,MG200 BGI 35 X 73 1/2,False
MG350 PW BG 36 3/4 X 74,MG200 BG 36 3/4 X 74,False
EC HR WG 53 X 38 1/8,EC HR BG 37 X 38 1/8,False
EC HR WG 53 X 38 1/8,EC HR WG 53 X 50 3/8,False
EC HR BG 37 X 38 1/8,EC HR WG 53 X 38 1/8,False
EC HR BG 37 X 38 1/8,EC HR WG 53 X 50 3/8,False
ECO60 BGI 26 1/4 X 25 3/4,MG300 BGI 26 1/4 X 25 3/4,False
ECO60 BGI 26 1/4 X 25 3/4,MG350 BGI 26 1/4 X 25 3/4,False
MG3000 WGI XL 39 X 81.5,ECO600 WGI XR 38 1/2 X 81 1/2,False
MG3000 WGI XL 39 X 81.5,ECO600 WGI XL 38 X 81,False
MG3000 WGI XL 39 X 81.5,ECO600 WGI XR 38 X 81,False
MG3000 WGI XL 39 X 81.5,ECO600 WGI XR 39 X 81 1/2,False
MG3000 WGI XL 39 X 81.5,ECO600 WGI XL 39 X 81 1/2,False
MG3000 WGI XL 39 X 81.5,ECO700 WG 71 3/4 x 79 3/4,False
MG3000 WGI XL 39 X 81.5,MG3000 WG XR 37 X 80,False
MG3000 WGI XL 39 X 81.5,MG3000 WGI XR 38 1/2 X 81 1/2,False
MG3000 WGI XL 39 X 81.5,MG3000 WGI XL 38 X 81,False
MG3000 WGI XL 39 X 81.5,MG3000 WG XL 37 X 80,False
MG3000 WGI XL 39 X 81.5,MG3000 WGI XR 39 X 81 1/2,False
MG3000 WGI XL 39 X 81.5,ECO600 WGI XL 38 1/2 X 81 1/2,False
MG3000 WGI XL 39 X 81.5,MG3000 WGI XR 38 X 81,False
MG3000 WGI XL 39 X 81.5,MG3000 WGI XL 38 1/2 X 81 1/2,False
MG3000 WGI XR 35 X 81,ECO600 WGI XL 33 X 81,False
MG3000 WGI XR 35 X 81,ECO600 WGI XL 38 X 81,False
MG3000 WGI XR 35 X 81,ECO600 WGI XR 35 X 81,False
MG3000 WGI XR 35 X 81,ECO600 WGI XL 35 X 81,False
MG3000 WGI XR 35 X 81,ECO600 WGI XR 38 X 81,False
MG3000 WGI XR 35 X 81,ECO600 WGI XR 33 X 81,False
MG3000 WGI XR 35 X 81,ECO700 WG 71 3/4 x 79 3/4,False
MG3000 WGI XR 35 X 81,MG3000 WG XL 33 X 81,False
MG3000 WGI XR 35 X 81,MG3000 WGI XL 33 X 81,False
MG3000 WGI XR 35 X 81,MG3000 WG XR 33 X 81,False
MG3000 WGI XR 35 X 81,MG3000 WG XL 35 X 81,False
MG3000 WGI XR 35 X 81,MG3000 WG XR 35 X 81,False
MG3000 WGI XR 35 X 81,MG3000 WG XR 37 X 80,False
MG3000 WGI XR 35 X 81,MG3000 WGI XL 38 X 81,False
MG3000 WGI XR 35 X 81,MG3000 WGI XL 35 X 81,False
MG3000 WGI XR 35 X 81,MG3000 WG XL 37 X 80,False
MG3000 WGI XR 35 X 81,MG3000 WGI XR 33 X 81,False
MG3000 WGI XR 35 X 81,MG3000 WGI XR 38 X 81,False
MG350 WG 106 X 38 1/8,ECO700 WG 71 3/4 x 79 3/4,False
MG350 WG 106 X 38 1/8,MG300 WG XOX 106 X 38 1/8,False
MG350 PW BG 36 3/4 X 74,MG350 SH BG 36 3/4 X 74,False
MG350 PW BG 36 3/4 X 74,MG200 BGI 35 X 73 1/2,False
MG350 PW BG 36 3/4 X 74,MG200 BG 36 3/4 X 74,False
EC HR WG 53 X 38 1/8,EC HR BG 37 X 38 1/8,False
EC HR WG 53 X 38 1/8,EC HR WG 53 X 50 3/8,False
EC HR BG 37 X 38 1/8,EC HR WG 53 X 38 1/8,False
EC HR BG 37 X 38 1/8,EC HR WG 53 X 50 3/8,False
ECO60 BGI 26 1/4 X 25 3/4,MG300 BGI 26 1/4 X 25 3/4,False
ECO60 BGI 26 1/4 X 25 3/4,MG350 BGI 26 1/4 X 25 3/4,False
MG3000 WGI XL 39 X 81.5,ECO600 WGI XR 38 1/2 X 81 1/2,False
MG3000 WGI XL 39 X 81.5,ECO600 WGI XL 38 X 81,False
MG3000 WGI XL 39 X 81.5,ECO600 WGI XR 38 X 81,False
MG3000 WGI XL 39 X 81.5,ECO600 WGI XR 39 X 81 1/2,False
MG3000 WGI XL 39 X 81.5,ECO600 WGI XL 39 X 81 1/2,False
MG3000 WGI XL 39 X 81.5,ECO700 WG 71 3/4 x 79 3/4,False
MG3000 WGI XL 39 X 81.5,MG3000 WG XR 37 X 80,False
MG3000 WGI XL 39 X 81.5,MG3000 WGI XR 38 1/2 X 81 1/2,False
MG3000 WGI XL 39 X 81.5,MG3000 WGI XL 38 X 81,False
MG3000 WGI XL 39 X 81.5,MG3000 WG XL 37 X 80,False
MG3000 WGI XL 39 X 81.5,MG3000 WGI XR 39 X 81 1/2,False
MG3000 WGI XL 39 X 81.5,ECO600 WGI XL 38 1/2 X 81 1/2,False
MG3000 WGI XL 39 X 81.5,MG3000 WGI XR 38 X 81,False
MG3000 WGI XL 39 X 81.5,MG3000 WGI XL 38 1/2 X 81 1/2,False
MG3000 WGI XR 35 X 81,ECO600 WGI XL 33 X 81,False
MG3000 WGI XR 35 X 81,ECO600 WGI XL 38 X 81,False
MG3000 WGI XR 35 X 81,ECO600 WGI XR 35 X 81,False
MG3000 WGI XR 35 X 81,ECO600 WGI XL 35 X 81,False
MG3000 WGI XR 35 X 81,ECO600 WGI XR 38 X 81,False
MG3000 WGI XR 35 X 81,ECO600 WGI XR 33 X 81,False
MG3000 WGI XR 35 X 81,ECO700 WG 71 3/4 x 79 3/4,False
MG3000 WGI XR 35 X 81,MG3000 WG XL 33 X 81,False
MG3000 WGI XR 35 X 81,MG3000 WGI XL 33 X 81,False
MG3000 WGI XR 35 X 81,MG3000 WG XR 33 X 81,False
MG3000 WGI XR 35 X 81,MG3000 WG XL 35 X 81,False
MG3000 WGI XR 35 X 81,MG3000 WG XR 35 X 81,False
MG3000 WGI XR 35 X 81,MG3000 WG XR 37 X 80,False
MG3000 WGI XR 35 X 81,MG3000 WGI XL 38 X 81,False
MG3000 WGI XR 35 X 81,MG3000 WGI XL 35 X 81,False
MG3000 WGI XR 35 X 81,MG3000 WG XL 37 X 80,False
MG3000 WGI XR 35 X 81,MG3000 WGI XR 33 X 81,False
MG3000 WGI XR 35 X 81,MG3000 WGI XR 38 X 81,False
MG350 WG 106 X 38 1/8,ECO700 WG 71 3/4 x 79 3/4,False
MG350 WG 106 X 38 1/8,MG300 WG XOX 106 X 38 1/8,False
MG350 PW BG 36 3/4 X 74,MG350 SH BG 36 3/4 X 74,False
MG350 PW BG 36 3/4 X 74,MG200 BGI 35 X 73 1/2,False
MG350 PW BG 36 3/4 X 74,MG200 BG 36 3/4 X 74,False
EC HR WG 53 X 38 1/8,EC HR BG 37 X 38 1/8,False
EC HR WG 53 X 38 1/8,EC HR WG 53 X 50 3/8,False
EC HR BG 37 X 38 1/8,EC HR WG 53 X 38 1/8,False
EC HR BG 37 X 38 1/8,EC HR WG 53 X 50 3/8,False
EC HR WG 53 X 38 1/8,EC HR BG 37 X 38 1/8,False
EC HR WG 53 X 38 1/8,EC HR WG 53 X 50 3/8,False
EC HR WG 53 X 38 1/8,EC HR BG 37 X 38 1/8,False
EC HR WG 53 X 38 1/8,EC HR WG 53 X 50 3/8,False
EC HR WG 53 X 38 1/8,EC HR BG 37 X 38 1/8,False
EC HR WG 53 X 38 1/8,EC HR WG 53 X 50 3/8,False
EC HR WG 53 X 38 1/8,EC HR BG 37 X 38 1/8,False
EC HR WG 53 X 38 1/8,EC HR WG 53 X 50 3/8,False
ECO60 BGI 26 1/4 X 25 3/4,MG300 BGI 26 1/4 X 25 3/4,False
ECO60 BGI 26 1/4 X 25 3/4,MG350 BGI 26 1/4 X 25 3/4,False
MG3000 WGI XL 39 X 81.5,ECO600 WGI XL 33 X 81,False
MG3000 WGI XL 39 X 81.5,ECO600 WGI XR 38 1/2 X 81 1/2,False
MG3000 WGI XL 39 X 81.5,ECO600 WG XXL 59 3/4 X 79 3/4,False
MG3000 WGI XL 39 X 81.5,ECO600 WG XXL 71 3/4 X 79 3/4,False
MG3000 WGI XL 39 X 81.5,ECO600 WGI XL 38 X 81,False
MG3000 WGI XL 39 X 81.5,ECO600 WGI XR 35 X 81,False
MG3000 WGI XL 39 X 81.5,ECO600 WGI XL 35 X 81,False
MG3000 WGI XL 39 X 81.5,ECO600 WGI XR 38 X 81,False
MG3000 WGI XL 39 X 81.5,ECO600 WGI XR 33 X 81,False
MG3000 WGI XL 39 X 81.5,ECO600 WGI XR 39 X 81 1/2,False
MG3000 WGI XL 39 X 81.5,ECO600 WGI XL 39 X 81 1/2,False
MG3000 WGI XL 39 X 81.5,ECO600 WGI XXL 63 X 81,False
MG3000 WGI XL 39 X 81.5,ECO600 WGI XXL 72 X 80,False
MG3000 WGI XL 39 X 81.5,ECO600 WG XXR 59 3/4 X 79 3/4,False
MG3000 WGI XL 39 X 81.5,ECO600 WG XXR 71 3/4 X 79 3/4,False
MG3000 WGI XL 39 X 81.5,ECO600 WGI XXR 72 X 80,False
MG3000 WGI XL 39 X 81.5,ECO700 WG 71 3/4 x 79 3/4,False
MG3000 WGI XL 39 X 81.5,ES-MX3000 WG XX 72 X 80,False
MG3000 WGI XL 39 X 81.5,ES-MX2000 WG XO 73 3/4 X 62 3/4,False
MG3000 WGI XL 39 X 81.5,MG3000 WG XL 33 X 81,False
MG3000 WGI XL 39 X 81.5,ECO600 WGI XXR 63 X 81,False
MG3000 WGI XL 39 X 81.5,MG3000 WGI XL 33 X 81,False
MG3000 WGI XL 39 X 81.5,MG3000 WG XR 33 X 81,False
MG3000 WGI XL 39 X 81.5,MG3000 WG XL 35 X 81,False
MG3000 WGI XL 39 X 81.5,MG3000 WG XR 35 X 81,False
MG3000 WGI XL 39 X 81.5,MG3000 WG XR 37 X 80,False
MG3000 WGI XL 39 X 81.5,MG3000 WGI XR 38 1/2 X 81 1/2,False
MG3000 WGI XL 39 X 81.5,MG3000 WGI XL 38 X 81,False
MG3000 WGI XL 39 X 81.5,MG3000 WGI XL 35 X 81,False
MG3000 WGI XL 39 X 81.5,MG3000 WG XL 37 X 80,False
MG3000 WGI XL 39 X 81.5,MG3000 WGI XXR 63 X 81,False
MG3000 WGI XL 39 X 81.5,MG3000 WGI XR 39 X 81 1/2,False
MG3000 WGI XL 39 X 81.5,MG3000 WGI XXL 75 X 81,False
MG3000 WGI XL 39 X 81.5,MG3000 WGI XXR 75 X 81,False
MG3000 WGI XL 39 X 81.5,MG3000 WG XXL 59 3/4 X 79 3/4,False
MG3000 WGI XL 39 X 81.5,MG300 WG XOX 106 X 38 1/8,False
MG3000 WGI XL 39 X 81.5,MG300 WG XOX 110 3/4 X 62 3/4,False
MG3000 WGI XL 39 X 81.5,MG3000 WGI XXR 76 X 82,False
MG3000 WGI XL 39 X 81.5,MG300 WG XOX 110 3/4 X 38 1/8,False
MG3000 WGI XL 39 X 81.5,MG300 WG XOX 110 3/4 X 50 3/8,False
MG3000 WGI XL 39 X 81.5,MG300 WG XOX 106 X 50 3/8,False
MG3000 WGI XL 39 X 81.5,MG3000 WGI XXL 76 X 82,False
MG3000 WGI XL 39 X 81.5,MG300 WG XOX 106 X 62 3/4,False
MG3000 WGI XL 39 X 81.5,ECO600 WGI XL 38 1/2 X 81 1/2,False
MG3000 WGI XL 39 X 81.5,MG1500 WG XX 59 3/4 X 79 3/4,False
MG3000 WGI XL 39 X 81.5,MG1500 WG XX 95 3/4 X 79 3/4,False
MG3000 WGI XL 39 X 81.5,MG3000 WGI XR 33 X 81,False
MG3000 WGI XL 39 X 81.5,MG3000 WG XXR 71 3/4 X 79 3/4,False
MG3000 WGI XL 39 X 81.5,MG3000 WGI XXR 72 X 80,False
MG3000 WGI XL 39 X 81.5,MG3000 WGI XR 38 X 81,False
MG3000 WGI XL 39 X 81.5,MG3000 WGI XR 35 X 81,False
MG3000 WGI XL 39 X 81.5,MG3000 WGI XL 38 1/2 X 81 1/2,False
MG3000 WGI XL 39 X 81.5,MG3000 WG XXR 59 3/4 X 79 3/4,False
MG3000 WGI XL 39 X 81.5,MG3000 WGI XXL 63 X 81,False
MG3000 WGI XL 39 X 81.5,MG3000 WG XXL 71 3/4 X 79 3/4,False
MG3000 WGI XL 39 X 81.5,MG3000 WGI XXL 72 X 80,False
MG3000 WGI XL 39 X 81.5,MG1500 WG XX 71 3/4 X 79 3/4,False
MG3000 WGI XR 35 X 81,ECO600 WGI XL 33 X 81,False
MG3000 WGI XR 35 X 81,ECO600 WGI XR 38 1/2 X 81 1/2,False
MG3000 WGI XR 35 X 81,ECO600 WG XXL 59 3/4 X 79 3/4,False
MG3000 WGI XR 35 X 81,ECO600 WG XXL 71 3/4 X 79 3/4,False
MG3000 WGI XR 35 X 81,ECO600 WGI XL 38 X 81,False
MG3000 WGI XR 35 X 81,ECO600 WGI XR 35 X 81,False
MG3000 WGI XR 35 X 81,ECO600 WGI XL 35 X 81,False
MG3000 WGI XR 35 X 81,ECO600 WGI XR 38 X 81,False
MG3000 WGI XR 35 X 81,ECO600 WGI XR 33 X 81,False
MG3000 WGI XR 35 X 81,ECO600 WGI XR 39 X 81 1/2,False
MG3000 WGI XR 35 X 81,ECO600 WGI XL 39 X 81 1/2,False
MG3000 WGI XR 35 X 81,ECO600 WGI XXL 63 X 81,False
MG3000 WGI XR 35 X 81,ECO600 WGI XXL 72 X 80,False
MG3000 WGI XR 35 X 81,ECO600 WG XXR 59 3/4 X 79 3/4,False
MG3000 WGI XR 35 X 81,ECO600 WG XXR 71 3/4 X 79 3/4,False
MG3000 WGI XR 35 X 81,ECO600 WGI XXR 72 X 80,False
MG3000 WGI XR 35 X 81,ECO700 WG 71 3/4 x 79 3/4,False
MG3000 WGI XR 35 X 81,ES-MX3000 WG XX 72 X 80,False
MG3000 WGI XR 35 X 81,ES-MX2000 WG XO 73 3/4 X 62 3/4,False
MG3000 WGI XR 35 X 81,MG3000 WG XL 33 X 81,False
MG3000 WGI XR 35 X 81,ECO600 WGI XXR 63 X 81,False
MG3000 WGI XR 35 X 81,MG3000 WGI XL 33 X 81,False
MG3000 WGI XR 35 X 81,MG3000 WG XR 33 X 81,False
MG3000 WGI XR 35 X 81,MG3000 WG XL 35 X 81,False
MG3000 WGI XR 35 X 81,MG3000 WG XR 35 X 81,False
MG3000 WGI XR 35 X 81,MG3000 WG XR 37 X 80,False
MG3000 WGI XR 35 X 81,MG3000 WGI XR 38 1/2 X 81 1/2,False
MG3000 WGI XR 35 X 81,MG3000 WGI XL 38 X 81,False
MG3000 WGI XR 35 X 81,MG3000 WGI XL 35 X 81,False
MG3000 WGI XR 35 X 81,MG3000 WG XL 37 X 80,False
MG3000 WGI XR 35 X 81,MG3000 WGI XXR 63 X 81,False
MG3000 WGI XR 35 X 81,MG3000 WGI XL 39 X 81.5,False
MG3000 WGI XR 35 X 81,MG3000 WGI XR 39 X 81 1/2,False
MG3000 WGI XR 35 X 81,MG3000 WGI XXL 75 X 81,False
MG3000 WGI XR 35 X 81,MG3000 WGI XXR 75 X 81,False
MG3000 WGI XR 35 X 81,MG3000 WG XXL 59 3/4 X 79 3/4,False
MG3000 WGI XR 35 X 81,MG300 WG XOX 106 X 38 1/8,False
MG3000 WGI XR 35 X 81,MG300 WG XOX 110 3/4 X 62 3/4,False
MG3000 WGI XR 35 X 81,MG3000 WGI XXR 76 X 82,False
MG3000 WGI XR 35 X 81,MG300 WG XOX 110 3/4 X 38 1/8,False
MG3000 WGI XR 35 X 81,MG300 WG XOX 110 3/4 X 50 3/8,False
MG3000 WGI XR 35 X 81,MG300 WG XOX 106 X 50 3/8,False
MG3000 WGI XR 35 X 81,MG3000 WGI XXL 76 X 82,False
MG3000 WGI XR 35 X 81,MG300 WG XOX 106 X 62 3/4,False
MG3000 WGI XR 35 X 81,ECO600 WGI XL 38 1/2 X 81 1/2,False
MG3000 WGI XR 35 X 81,MG1500 WG XX 59 3/4 X 79 3/4,False
MG3000 WGI XR 35 X 81,MG1500 WG XX 95 3/4 X 79 3/4,False
MG3000 WGI XR 35 X 81,MG3000 WGI XR 33 X 81,False
MG3000 WGI XR 35 X 81,MG3000 WG XXR 71 3/4 X 79 3/4,False
MG3000 WGI XR 35 X 81,MG3000 WGI XXR 72 X 80,False
MG3000 WGI XR 35 X 81,MG3000 WGI XR 38 X 81,False
MG3000 WGI XR 35 X 81,MG3000 WGI XL 38 1/2 X 81 1/2,False
MG3000 WGI XR 35 X 81,MG3000 WG XXR 59 3/4 X 79 3/4,False
MG3000 WGI XR 35 X 81,MG3000 WGI XXL 63 X 81,False
MG3000 WGI XR 35 X 81,MG3000 WG XXL 71 3/4 X 79 3/4,False
MG3000 WGI XR 35 X 81,MG3000 WGI XXL 72 X 80,False
MG3000 WGI XR 35 X 81,MG1500 WG XX 71 3/4 X 79 3/4,False
MG350 WG 106 X 38 1/8,ECO700 WG 71 3/4 x 79 3/4,False
MG350 PW BG 36 3/4 X 74,MG350 SH BG 36 3/4 X 74,False
MG350 PW BG 36 3/4 X 74,MG200 BGI 35 X 73 1/2,False
MG350 PW BG 36 3/4 X 74,MG200 BG 36 3/4 X 74,False
EC HR WG 53 X 38 1/8,EC HR BG 37 X 38 1/8,False
EC HR WG 53 X 38 1/8,EC HR WG 53 X 50 3/8,False
EC HR BG 37 X 38 1/8,EC HR WG 53 X 38 1/8,False
EC HR BG 37 X 38 1/8,EC HR WG 53 X 50 3/8,False
ECO60 BGI 26 1/4 X 25 3/4,MG300 BGI 26 1/4 X 25 3/4,False
ECO60 BGI 26 1/4 X 25 3/4,MG350 BGI 26 1/4 X 25 3/4,False
MG3000 WGI XL 39 X 81.5,ECO600 WGI XR 38 1/2 X 81 1/2,False
MG3000 WGI XL 39 X 81.5,ECO600 WGI XL 38 X 81,False
MG3000 WGI XL 39 X 81.5,ECO600 WGI XR 38 X 81,False
MG3000 WGI XL 39 X 81.5,ECO600 WGI XR 39 X 81 1/2,False
MG3000 WGI XL 39 X 81.5,ECO600 WGI XL 39 X 81 1/2,False
MG3000 WGI XL 39 X 81.5,ECO700 WG 71 3/4 x 79 3/4,False
MG3000 WGI XL 39 X 81.5,MG3000 WG XR 37 X 80,False
MG3000 WGI XL 39 X 81.5,MG3000 WGI XR 38 1/2 X 81 1/2,False
MG3000 WGI XL 39 X 81.5,MG3000 WGI XL 38 X 81,False
MG3000 WGI XL 39 X 81.5,MG3000 WG XL 37 X 80,False
MG3000 WGI XL 39 X 81.5,MG3000 WGI XR 39 X 81 1/2,False
MG3000 WGI XL 39 X 81.5,ECO600 WGI XL 38 1/2 X 81 1/2,False
MG3000 WGI XL 39 X 81.5,MG3000 WGI XR 38 X 81,False
MG3000 WGI XL 39 X 81.5,MG3000 WGI XL 38 1/2 X 81 1/2,False
MG3000 WGI XR 35 X 81,ECO600 WGI XL 33 X 81,False
MG3000 WGI XR 35 X 81,ECO600 WGI XL 38 X 81,False
MG3000 WGI XR 35 X 81,ECO600 WGI XR 35 X 81,False
MG3000 WGI XR 35 X 81,ECO600 WGI XL 35 X 81,False
MG3000 WGI XR 35 X 81,ECO600 WGI XR 38 X 81,False
MG3000 WGI XR 35 X 81,ECO600 WGI XR 33 X 81,False
MG3000 WGI XR 35 X 81,ECO700 WG 71 3/4 x 79 3/4,False
MG3000 WGI XR 35 X 81,MG3000 WG XL 33 X 81,False
MG3000 WGI XR 35 X 81,MG3000 WGI XL 33 X 81,False
MG3000 WGI XR 35 X 81,MG3000 WG XR 33 X 81,False
MG3000 WGI XR 35 X 81,MG3000 WG XL 35 X 81,False
MG3000 WGI XR 35 X 81,MG3000 WG XR 35 X 81,False
MG3000 WGI XR 35 X 81,MG3000 WG XR 37 X 80,False
MG3000 WGI XR 35 X 81,MG3000 WGI XL 38 X 81,False
MG3000 WGI XR 35 X 81,MG3000 WGI XL 35 X 81,False
MG3000 WGI XR 35 X 81,MG3000 WG XL 37 X 80,False
MG3000 WGI XR 35 X 81,MG3000 WGI XR 33 X 81,False
MG3000 WGI XR 35 X 81,MG3000 WGI XR 38 X 81,False
MG350 WG 106 X 38 1/8,ECO700 WG 71 3/4 x 79 3/4,False
MG350 WG 106 X 38 1/8,MG300 WG XOX 106 X 38 1/8,False
MG350 PW BG 36 3/4 X 74,MG350 SH BG 36 3/4 X 74,False
MG350 PW BG 36 3/4 X 74,MG200 BGI 35 X 73 1/2,False
MG350 PW BG 36 3/4 X 74,MG200 BG 36 3/4 X 74,False
EC HR WG 53 X 38 1/8,EC HR BG 37 X 38 1/8,False
EC HR WG 53 X 38 1/8,EC HR WG 53 X 50 3/8,False
EC HR BG 37 X 38 1/8,EC HR WG 53 X 38 1/8,False
EC HR BG 37 X 38 1/8,EC HR WG 53 X 50 3/8,False
EC HR WG 53 X 38 1/8,EC HR BG 37 X 38 1/8,False
EC HR WG 53 X 38 1/8,EC HR WG 53 X 50 3/8,False
ECO60 BGI 26 1/4 X 25 3/4,MG300 BGI 26 1/4 X 25 3/4,False
ECO60 BGI 26 1/4 X 25 3/4,MG350 BGI 26 1/4 X 25 3/4,False
MG3000 WGI XL 39 X 81.5,ECO600 WGI XR 38 1/2 X 81 1/2,False
MG3000 WGI XL 39 X 81.5,ECO600 WGI XL 38 X 81,False
MG3000 WGI XL 39 X 81.5,ECO600 WGI XR 38 X 81,False
MG3000 WGI XL 39 X 81.5,ECO600 WGI XR 39 X 81 1/2,False
MG3000 WGI XL 39 X 81.5,ECO600 WGI XL 39 X 81 1/2,False
MG3000 WGI XL 39 X 81.5,ECO700 WG 71 3/4 x 79 3/4,False
MG3000 WGI XL 39 X 81.5,MG3000 WG XR 37 X 80,False
MG3000 WGI XL 39 X 81.5,MG3000 WGI XR 38 1/2 X 81 1/2,False
MG3000 WGI XL 39 X 81.5,MG3000 WGI XL 38 X 81,False
MG3000 WGI XL 39 X 81.5,MG3000 WG XL 37 X 80,False
MG3000 WGI XL 39 X 81.5,MG3000 WGI XR 39 X 81 1/2,False
MG3000 WGI XL 39 X 81.5,ECO600 WGI XL 38 1/2 X 81 1/2,False
MG3000 WGI XL 39 X 81.5,MG3000 WGI XR 38 X 81,False
MG3000 WGI XL 39 X 81.5,MG3000 WGI XL 38 1/2 X 81 1/2,False
MG3000 WGI XR 35 X 81,ECO600 WGI XL 33 X 81,False
MG3000 WGI XR 35 X 81,ECO600 WGI XL 38 X 81,False
MG3000 WGI XR 35 X 81,ECO600 WGI XR 35 X 81,False
MG3000 WGI XR 35 X 81,ECO600 WGI XL 35 X 81,False
MG3000 WGI XR 35 X 81,ECO600 WGI XR 38 X 81,False
MG3000 WGI XR 35 X 81,ECO600 WGI XR 33 X 81,False
MG3000 WGI XR 35 X 81,ECO700 WG 71 3/4 x 79 3/4,False
MG3000 WGI XR 35 X 81,MG3000 WG XL 33 X 81,False
MG3000 WGI XR 35 X 81,MG3000 WGI XL 33 X 81,False
MG3000 WGI XR 35 X 81,MG3000 WG XR 33 X 81,False
MG3000 WGI XR 35 X 81,MG3000 WG XL 35 X 81,False
MG3000 WGI XR 35 X 81,MG3000 WG XR 35 X 81,False
MG3000 WGI XR 35 X 81,MG3000 WG XR 37 X 80,False
MG3000 WGI XR 35 X 81,MG3000 WGI XL 38 X 81,False
MG3000 WGI XR 35 X 81,MG3000 WGI XL 35 X 81,False
MG3000 WGI XR 35 X 81,MG3000 WG XL 37 X 80,False
MG3000 WGI XR 35 X 81,MG3000 WGI XR 33 X 81,False
MG3000 WGI XR 35 X 81,MG3000 WGI XR 38 X 81,False
MG350 WG 106 X 38 1/8,ECO700 WG 71 3/4 x 79 3/4,False
MG350 WG 106 X 38 1/8,MG300 WG XOX 106 X 38 1/8,False
MG350 PW BG 36 3/4 X 74,MG350 SH BG 36 3/4 X 74,False
MG350 PW BG 36 3/4 X 74,MG200 BGI 35 X 73 1/2,False
MG350 PW BG 36 3/4 X 74,MG200 BG 36 3/4 X 74,False
EC HR WG 53 X 38 1/8,EC HR BG 37 X 38 1/8,False
EC HR WG 53 X 38 1/8,EC HR WG 53 X 50 3/8,False
EC HR BG 37 X 38 1/8,EC HR WG 53 X 38 1/8,False
EC HR BG 37 X 38 1/8,EC HR WG 53 X 50 3/8,False
EC HR WG 53 X 38 1/8,EC HR BG 37 X 38 1/8,False
ECO60 BGI 26 1/4 X 25 3/4,MG300 BGI 26 1/4 X 25 3/4,False
ECO60 BGI 26 1/4 X 25 3/4,MG350 BGI 26 1/4 X 25 3/4,False
MG3000 WGI XL 39 X 81.5,ECO600 WGI XR 38 1/2 X 81 1/2,False
MG3000 WGI XL 39 X 81.5,ECO600 WGI XL 38 X 81,False
MG3000 WGI XL 39 X 81.5,ECO600 WGI XR 38 X 81,False
MG3000 WGI XL 39 X 81.5,ECO600 WGI XR 39 X 81 1/2,False
MG3000 WGI XL 39 X 81.5,ECO600 WGI XL 39 X 81 1/2,False
MG3000 WGI XL 39 X 81.5,ECO700 WG 71 3/4 x 79 3/4,False
MG3000 WGI XL 39 X 81.5,MG3000 WG XR 37 X 80,False
MG3000 WGI XL 39 X 81.5,MG3000 WGI XR 38 1/2 X 81 1/2,False
MG3000 WGI XL 39 X 81.5,MG3000 WGI XL 38 X 81,False
MG3000 WGI XL 39 X 81.5,MG3000 WG XL 37 X 80,False
MG3000 WGI XL 39 X 81.5,MG3000 WGI XR 39 X 81 1/2,False
MG3000 WGI XL 39 X 81.5,ECO600 WGI XL 38 1/2 X 81 1/2,False
MG3000 WGI XL 39 X 81.5,MG3000 WGI XR 38 X 81,False
MG3000 WGI XL 39 X 81.5,MG3000 WGI XL 38 1/2 X 81 1/2,False
MG3000 WGI XR 35 X 81,ECO600 WGI XL 33 X 81,False
MG3000 WGI XR 35 X 81,ECO600 WGI XL 38 X 81,False
MG3000 WGI XR 35 X 81,ECO600 WGI XR 35 X 81,False
MG3000 WGI XR 35 X 81,ECO600 WGI XL 35 X 81,False
MG3000 WGI XR 35 X 81,ECO600 WGI XR 38 X 81,False
MG3000 WGI XR 35 X 81,ECO600 WGI XR 33 X 81,False
MG3000 WGI XR 35 X 81,ECO700 WG 71 3/4 x 79 3/4,False
MG3000 WGI XR 35 X 81,MG3000 WG XL 33 X 81,False
MG3000 WGI XR 35 X 81,MG3000 WGI XL 33 X 81,False
MG3000 WGI XR 35 X 81,MG3000 WG XR 33 X 81,False
MG3000 WGI XR 35 X 81,MG3000 WG XL 35 X 81,False
MG3000 WGI XR 35 X 81,MG3000 WG XR 35 X 81,False
MG3000 WGI XR 35 X 81,MG3000 WG XR 37 X 80,False
MG3000 WGI XR 35 X 81,MG3000 WGI XL 38 X 81,False
MG3000 WGI XR 35 X 81,MG3000 WGI XL 35 X 81,False
MG3000 WGI XR 35 X 81,MG3000 WG XL 37 X 80,False
MG3000 WGI XR 35 X 81,MG3000 WGI XR 33 X 81,False
MG3000 WGI XR 35 X 81,MG3000 WGI XR 38 X 81,False
MG350 WG 106 X 38 1/8,ECO700 WG 71 3/4 x 79 3/4,False
MG350 WG 106 X 38 1/8,MG300 WG XOX 106 X 38 1/8,False
MG350 PW BG 36 3/4 X 74,MG350 SH BG 36 3/4 X 74,False
MG350 PW BG 36 3/4 X 74,MG200 BGI 35 X 73 1/2,False
MG350 PW BG 36 3/4 X 74,MG200 BG 36 3/4 X 74,False
EC HR WG 53 X 38 1/8,EC HR BG 37 X 38 1/8,False
EC HR BG 37 X 38 1/8,EC HR WG 53 X 38 1/8,False
EC HR WG 53 X 38 1/8,EC HR BG 37 X 38 1/8,False
ECO60 BGI 26 1/4 X 25 3/4,MG300 BGI 26 1/4 X 25 3/4,False
ECO60 BGI 26 1/4 X 25 3/4,MG350 BGI 26 1/4 X 25 3/4,False
MG3000 WGI XL 39 X 81.5,ECO600 WGI XR 38 1/2 X 81 1/2,False
MG3000 WGI XL 39 X 81.5,ECO600 WGI XL 38 X 81,False
MG3000 WGI XL 39 X 81.5,ECO600 WGI XR 38 X 81,False
MG3000 WGI XL 39 X 81.5,ECO600 WGI XR 39 X 81 1/2,False
MG3000 WGI XL 39 X 81.5,ECO600 WGI XL 39 X 81 1/2,False
MG3000 WGI XL 39 X 81.5,ECO700 WG 71 3/4 x 79 3/4,False
MG3000 WGI XL 39 X 81.5,MG3000 WG XR 37 X 80,False
MG3000 WGI XL 39 X 81.5,MG3000 WGI XR 38 1/2 X 81 1/2,False
MG3000 WGI XL 39 X 81.5,MG3000 WGI XL 38 X 81,False
MG3000 WGI XL 39 X 81.5,MG3000 WG XL 37 X 80,False
MG3000 WGI XL 39 X 81.5,MG3000 WGI XR 39 X 81 1/2,False
MG3000 WGI XL 39 X 81.5,ECO600 WGI XL 38 1/2 X 81 1/2,False
MG3000 WGI XL 39 X 81.5,MG3000 WGI XR 38 X 81,False
MG3000 WGI XL 39 X 81.5,MG3000 WGI XL 38 1/2 X 81 1/2,False
MG3000 WGI XR 35 X 81,ECO600 WGI XL 33 X 81,False
MG3000 WGI XR 35 X 81,ECO600 WGI XL 38 X 81,False
MG3000 WGI XR 35 X 81,ECO600 WGI XR 35 X 81,False
MG3000 WGI XR 35 X 81,ECO600 WGI XL 35 X 81,False
MG3000 WGI XR 35 X 81,ECO600 WGI XR 38 X 81,False
MG3000 WGI XR 35 X 81,ECO600 WGI XR 33 X 81,False
MG3000 WGI XR 35 X 81,ECO700 WG 71 3/4 x 79 3/4,False
MG3000 WGI XR 35 X 81,MG3000 WG XL 33 X 81,False
MG3000 WGI XR 35 X 81,MG3000 WGI XL 33 X 81,False
MG3000 WGI XR 35 X 81,MG3000 WG XR 33 X 81,False
MG3000 WGI XR 35 X 81,MG3000 WG XL 35 X 81,False
MG3000 WGI XR 35 X 81,MG3000 WG XR 35 X 81,False
MG3000 WGI XR 35 X 81,MG3000 WG XR 37 X 80,False
MG3000 WGI XR 35 X 81,MG3000 WGI XL 38 X 81,False
MG3000 WGI XR 35 X 81,MG3000 WGI XL 35 X 81,False
MG3000 WGI XR 35 X 81,MG3000 WG XL 37 X 80,False
MG3000 WGI XR 35 X 81,MG3000 WGI XR 33 X 81,False
MG3000 WGI XR 35 X 81,MG3000 WGI XR 38 X 81,False
MG350 WG 106 X 38 1/8,ECO700 WG 71 3/4 x 79 3/4,False
MG350 WG 106 X 38 1/8,MG300 WG XOX 106 X 38 1/8,False
MG350 PW BG 36 3/4 X 74,MG350 SH BG 36 3/4 X 74,False
MG350 PW BG 36 3/4 X 74,MG200 BGI 35 X 73 1/2,False
MG350 PW BG 36 3/4 X 74,MG200 BG 36 3/4 X 74,False
EC HR WG 53 X 38 1/8,EC HR BG 37 X 38 1/8,False
EC HR BG 37 X 38 1/8,EC HR WG 53 X 38 1/8,False
ECO60 BGI 26 1/4 X 25 3/4,MG300 BGI 26 1/4 X 25 3/4,False
ECO60 BGI 26 1/4 X 25 3/4,MG350 BGI 26 1/4 X 25 3/4,False
MG3000 WGI XL 39 X 81.5,ECO600 WGI XR 38 1/2 X 81 1/2,False
MG3000 WGI XL 39 X 81.5,ECO600 WGI XL 38 X 81,False
MG3000 WGI XL 39 X 81.5,ECO600 WGI XR 38 X 81,False
MG3000 WGI XL 39 X 81.5,ECO600 WGI XR 39 X 81 1/2,False
MG3000 WGI XL 39 X 81.5,ECO600 WGI XL 39 X 81 1/2,False
MG3000 WGI XL 39 X 81.5,ECO700 WG 71 3/4 x 79 3/4,False
MG3000 WGI XL 39 X 81.5,MG3000 WG XR 37 X 80,False
MG3000 WGI XL 39 X 81.5,MG3000 WGI XR 38 1/2 X 81 1/2,False
MG3000 WGI XL 39 X 81.5,MG3000 WGI XL 38 X 81,False
MG3000 WGI XL 39 X 81.5,MG3000 WG XL 37 X 80,False
MG3000 WGI XL 39 X 81.5,MG3000 WGI XR 39 X 81 1/2,False
MG3000 WGI XL 39 X 81.5,ECO600 WGI XL 38 1/2 X 81 1/2,False
MG3000 WGI XL 39 X 81.5,MG3000 WGI XR 38 X 81,False
MG3000 WGI XL 39 X 81.5,MG3000 WGI XL 38 1/2 X 81 1/2,False
MG3000 WGI XR 35 X 81,ECO600 WGI XL 33 X 81,False
MG3000 WGI XR 35 X 81,ECO600 WGI XL 38 X 81,False
MG3000 WGI XR 35 X 81,ECO600 WGI XR 35 X 81,False
MG3000 WGI XR 35 X 81,ECO600 WGI XL 35 X 81,False
MG3000 WGI XR 35 X 81,ECO600 WGI XR 38 X 81,False
MG3000 WGI XR 35 X 81,ECO600 WGI XR 33 X 81,False
MG3000 WGI XR 35 X 81,ECO700 WG 71 3/4 x 79 3/4,False
MG3000 WGI XR 35 X 81,MG3000 WG XL 33 X 81,False
MG3000 WGI XR 35 X 81,MG3000 WGI XL 33 X 81,False
MG3000 WGI XR 35 X 81,MG3000 WG XR 33 X 81,False
MG3000 WGI XR 35 X 81,MG3000 WG XL 35 X 81,False
MG3000 WGI XR 35 X 81,MG3000 WG XR 35 X 81,False
MG3000 WGI XR 35 X 81,MG3000 WG XR 37 X 80,False
MG3000 WGI XR 35 X 81,MG3000 WGI XL 38 X 81,False
MG3000 WGI XR 35 X 81,MG3000 WGI XL 35 X 81,False
MG3000 WGI XR 35 X 81,MG3000 WG XL 37 X 80,False
MG3000 WGI XR 35 X 81,MG3000 WGI XR 33 X 81,False
MG3000 WGI XR 35 X 81,MG3000 WGI XR 38 X 81,False
MG350 WG 106 X 38 1/8,ECO700 WG 71 3/4 x 79 3/4,False
MG350 WG 106 X 38 1/8,MG300 WG XOX 106 X 38 1/8,False
MG350 PW BG 36 3/4 X 74,MG350 SH BG 36 3/4 X 74,False
MG350 PW BG 36 3/4 X 74,MG200 BGI 35 X 73 1/2,False
MG350 PW BG 36 3/4 X 74,MG200 BG 36 3/4 X 74,False
EC HR WG 53 X 38 1/8,EC HR BG 37 X 38 1/8,False
EC HR BG 37 X 38 1/8,EC HR WG 53 X 38 1/8,False
ECO60 BGI 26 1/4 X 25 3/4,MG300 BGI 26 1/4 X 25 3/4,False
ECO60 BGI 26 1/4 X 25 3/4,MG350 BGI 26 1/4 X 25 3/4,False
MG3000 WGI XL 39 X 81.5,ECO600 WGI XR 38 1/2 X 81 1/2,False
MG3000 WGI XL 39 X 81.5,ECO600 WGI XL 38 X 81,False
MG3000 WGI XL 39 X 81.5,ECO600 WGI XR 38 X 81,False
MG3000 WGI XL 39 X 81.5,ECO600 WGI XR 39 X 81 1/2,False
MG3000 WGI XL 39 X 81.5,ECO600 WGI XL 39 X 81 1/2,False
MG3000 WGI XL 39 X 81.5,ECO700 WG 71 3/4 x 79 3/4,False
MG3000 WGI XL 39 X 81.5,MG3000 WG XR 37 X 80,False
MG3000 WGI XL 39 X 81.5,MG3000 WGI XR 38 1/2 X 81 1/2,False
MG3000 WGI XL 39 X 81.5,MG3000 WGI XL 38 X 81,False
MG3000 WGI XL 39 X 81.5,MG3000 WG XL 37 X 80,False
MG3000 WGI XL 39 X 81.5,MG3000 WGI XR 39 X 81 1/2,False
MG3000 WGI XL 39 X 81.5,ECO600 WGI XL 38 1/2 X 81 1/2,False
MG3000 WGI XL 39 X 81.5,MG3000 WGI XR 38 X 81,False
MG3000 WGI XL 39 X 81.5,MG3000 WGI XL 38 1/2 X 81 1/2,False
MG3000 WGI XR 35 X 81,ECO600 WGI XL 33 X 81,False
MG3000 WGI XR 35 X 81,ECO600 WGI XL 38 X 81,False
MG3000 WGI XR 35 X 81,ECO600 WGI XR 35 X 81,False
MG3000 WGI XR 35 X 81,ECO600 WGI XL 35 X 81,False
MG3000 WGI XR 35 X 81,ECO600 WGI XR 38 X 81,False
MG3000 WGI XR 35 X 81,ECO600 WGI XR 33 X 81,False
MG3000 WGI XR 35 X 81,ECO700 WG 71 3/4 x 79 3/4,False
MG3000 WGI XR 35 X 81,MG3000 WG XL 33 X 81,False
MG3000 WGI XR 35 X 81,MG3000 WGI XL 33 X 81,False
MG3000 WGI XR 35 X 81,MG3000 WG XR 33 X 81,False
MG3000 WGI XR 35 X 81,MG3000 WG XL 35 X 81,False
MG3000 WGI XR 35 X 81,MG3000 WG XR 35 X 81,False
MG3000 WGI XR 35 X 81,MG3000 WG XR 37 X 80,False
MG3000 WGI XR 35 X 81,MG3000 WGI XL 38 X 81,False
MG3000 WGI XR 35 X 81,MG3000 WGI XL 35 X 81,False
MG3000 WGI XR 35 X 81,MG3000 WG XL 37 X 80,False
MG3000 WGI XR 35 X 81,MG3000 WGI XR 33 X 81,False
MG3000 WGI XR 35 X 81,MG3000 WGI XR 38 X 81,False
MG350 WG 106 X 38 1/8,ECO700 WG 71 3/4 x 79 3/4,False
MG350 WG 106 X 38 1/8,MG300 WG XOX 106 X 38 1/8,False
MG350 PW BG 36 3/4 X 74,MG350 SH BG 36 3/4 X 74,False
MG350 PW BG 36 3/4 X 74,MG200 BGI 35 X 73 1/2,False
MG350 PW BG 36 3/4 X 74,MG200 BG 36 3/4 X 74,False
EC HR WG 53 X 38 1/8,EC HR BG 37 X 38 1/8,False
EC HR BG 37 X 38 1/8,EC HR WG 53 X 38 1/8,False
EC HR WG 53 X 38 1/8,EC HR BG 37 X 38 1/8,False
EC HR WG 53 X 38 1/8,EC HR BG 37 X 38 1/8,False
EC HR WG 53 X 38 1/8,EC HR BG 37 X 38 1/8,False
EC HR WG 53 X 38 1/8,EC HR BG 37 X 38 1/8,False
EC HR WG 53 X 38 1/8,EC HR BG 37 X 38 1/8,False
EC HR WG 53 X 38 1/8,EC HR BG 37 X 38 1/8,False
EC HR WG 53 X 38 1/8,EC HR WG 53 X 50 3/8,False
ECO60 BGI 26 1/4 X 25 3/4,MG300 BGI 26 1/4 X 25 3/4,False
ECO60 BGI 26 1/4 X 25 3/4,MG350 BGI 26 1/4 X 25 3/4,False
MG3000 WGI XL 39 X 81.5,ECO600 WGI XR 38 1/2 X 81 1/2,False
MG3000 WGI XL 39 X 81.5,ECO600 WGI XL 38 X 81,False
MG3000 WGI XL 39 X 81.5,ECO600 WGI XR 38 X 81,False
MG3000 WGI XL 39 X 81.5,ECO600 WGI XR 39 X 81 1/2,False
MG3000 WGI XL 39 X 81.5,ECO600 WGI XL 39 X 81 1/2,False
MG3000 WGI XL 39 X 81.5,ECO700 WG 71 3/4 x 79 3/4,False
MG3000 WGI XL 39 X 81.5,MG3000 WG XR 37 X 80,False
MG3000 WGI XL 39 X 81.5,MG3000 WGI XR 38 1/2 X 81 1/2,False
MG3000 WGI XL 39 X 81.5,MG3000 WGI XL 38 X 81,False
MG3000 WGI XL 39 X 81.5,MG3000 WG XL 37 X 80,False
MG3000 WGI XL 39 X 81.5,MG3000 WGI XR 39 X 81 1/2,False
MG3000 WGI XL 39 X 81.5,ECO600 WGI XL 38 1/2 X 81 1/2,False
MG3000 WGI XL 39 X 81.5,MG3000 WGI XR 38 X 81,False
MG3000 WGI XL 39 X 81.5,MG3000 WGI XL 38 1/2 X 81 1/2,False
MG3000 WGI XR 35 X 81,ECO600 WGI XL 33 X 81,False
MG3000 WGI XR 35 X 81,ECO600 WGI XL 38 X 81,False
MG3000 WGI XR 35 X 81,ECO600 WGI XR 35 X 81,False
MG3000 WGI XR 35 X 81,ECO600 WGI XL 35 X 81,False
MG3000 WGI XR 35 X 81,ECO600 WGI XR 38 X 81,False
MG3000 WGI XR 35 X 81,ECO600 WGI XR 33 X 81,False
MG3000 WGI XR 35 X 81,ECO700 WG 71 3/4 x 79 3/4,False
MG3000 WGI XR 35 X 81,MG3000 WG XL 33 X 81,False
MG3000 WGI XR 35 X 81,MG3000 WGI XL 33 X 81,False
MG3000 WGI XR 35 X 81,MG3000 WG XR 33 X 81,False
MG3000 WGI XR 35 X 81,MG3000 WG XL 35 X 81,False
MG3000 WGI XR 35 X 81,MG3000 WG XR 35 X 81,False
MG3000 WGI XR 35 X 81,MG3000 WG XR 37 X 80,False
MG3000 WGI XR 35 X 81,MG3000 WGI XL 38 X 81,False
MG3000 WGI XR 35 X 81,MG3000 WGI XL 35 X 81,False
MG3000 WGI XR 35 X 81,MG3000 WG XL 37 X 80,False
MG3000 WGI XR 35 X 81,MG3000 WGI XR 33 X 81,False
MG3000 WGI XR 35 X 81,MG3000 WGI XR 38 X 81,False
MG350 WG 106 X 38 1/8,ECO700 WG 71 3/4 x 79 3/4,False
MG350 WG 106 X 38 1/8,MG300 WG XOX 106 X 38 1/8,False
ECO60 BGI 26 1/4 X 25 3/4,MG300 BGI 26 1/4 X 25 3/4,False
ECO60 BGI 26 1/4 X 25 3/4,MG350 BGI 26 1/4 X 25 3/4,False
MG3000 WGI XL 39 X 81.5,ECO600 WGI XR 38 1/2 X 81 1/2,False
MG3000 WGI XL 39 X 81.5,ECO600 WGI XL 38 X 81,False
MG3000 WGI XL 39 X 81.5,ECO600 WGI XR 38 X 81,False
MG3000 WGI XL 39 X 81.5,ECO600 WGI XR 39 X 81 1/2,False
MG3000 WGI XL 39 X 81.5,ECO600 WGI XL 39 X 81 1/2,False
MG3000 WGI XL 39 X 81.5,ECO700 WG 71 3/4 x 79 3/4,False
MG3000 WGI XL 39 X 81.5,MG3000 WG XR 37 X 80,False
MG3000 WGI XL 39 X 81.5,MG3000 WGI XR 38 1/2 X 81 1/2,False
MG3000 WGI XL 39 X 81.5,MG3000 WGI XL 38 X 81,False
MG3000 WGI XL 39 X 81.5,MG3000 WG XL 37 X 80,False
MG3000 WGI XL 39 X 81.5,MG3000 WGI XR 39 X 81 1/2,False
MG3000 WGI XL 39 X 81.5,ECO600 WGI XL 38 1/2 X 81 1/2,False
MG3000 WGI XL 39 X 81.5,MG3000 WGI XR 38 X 81,False
MG3000 WGI XL 39 X 81.5,MG3000 WGI XL 38 1/2 X 81 1/2,False
MG3000 WGI XR 35 X 81,ECO600 WGI XL 33 X 81,False
MG3000 WGI XR 35 X 81,ECO600 WGI XL 38 X 81,False
MG3000 WGI XR 35 X 81,ECO600 WGI XR 35 X 81,False
MG3000 WGI XR 35 X 81,ECO600 WGI XL 35 X 81,False
MG3000 WGI XR 35 X 81,ECO600 WGI XR 38 X 81,False
MG3000 WGI XR 35 X 81,ECO600 WGI XR 33 X 81,False
MG3000 WGI XR 35 X 81,ECO700 WG 71 3/4 x 79 3/4,False
MG3000 WGI XR 35 X 81,MG3000 WG XL 33 X 81,False
MG3000 WGI XR 35 X 81,MG3000 WGI XL 33 X 81,False
MG3000 WGI XR 35 X 81,MG3000 WG XR 33 X 81,False
MG3000 WGI XR 35 X 81,MG3000 WG XL 35 X 81,False
MG3000 WGI XR 35 X 81,MG3000 WG XR 35 X 81,False
MG3000 WGI XR 35 X 81,MG3000 WG XR 37 X 80,False
MG3000 WGI XR 35 X 81,MG3000 WGI XL 38 X 81,False
MG3000 WGI XR 35 X 81,MG3000 WGI XL 35 X 81,False
MG3000 WGI XR 35 X 81,MG3000 WG XL 37 X 80,False
MG3000 WGI XR 35 X 81,MG3000 WGI XR 33 X 81,False
MG3000 WGI XR 35 X 81,MG3000 WGI XR 38 X 81,False
MG350 WG 106 X 38 1/8,ECO700 WG 71 3/4 x 79 3/4,False
MG350 WG 106 X 38 1/8,MG300 WG XOX 106 X 38 1/8,False
ECO60 BGI 26 1/4 X 25 3/4,MG300 BGI 26 1/4 X 25 3/4,False
ECO60 BGI 26 1/4 X 25 3/4,MG350 BGI 26 1/4 X 25 3/4,False
MG3000 WGI XL 39 X 81.5,ECO600 WGI XR 38 1/2 X 81 1/2,False
MG3000 WGI XL 39 X 81.5,ECO600 WGI XL 38 X 81,False
MG3000 WGI XL 39 X 81.5,ECO600 WGI XR 38 X 81,False
MG3000 WGI XL 39 X 81.5,ECO600 WGI XR 39 X 81 1/2,False
MG3000 WGI XL 39 X 81.5,ECO600 WGI XL 39 X 81 1/2,False
MG3000 WGI XL 39 X 81.5,ECO700 WG 71 3/4 x 79 3/4,False
MG3000 WGI XL 39 X 81.5,MG3000 WG XR 37 X 80,False
MG3000 WGI XL 39 X 81.5,MG3000 WGI XR 38 1/2 X 81 1/2,False
MG3000 WGI XL 39 X 81.5,MG3000 WGI XL 38 X 81,False
MG3000 WGI XL 39 X 81.5,MG3000 WG XL 37 X 80,False
MG3000 WGI XL 39 X 81.5,MG3000 WGI XR 39 X 81 1/2,False
MG3000 WGI XL 39 X 81.5,ECO600 WGI XL 38 1/2 X 81 1/2,False
MG3000 WGI XL 39 X 81.5,MG3000 WGI XR 38 X 81,False
MG3000 WGI XL 39 X 81.5,MG3000 WGI XL 38 1/2 X 81 1/2,False
MG3000 WGI XR 35 X 81,ECO600 WGI XL 33 X 81,False
MG3000 WGI XR 35 X 81,ECO600 WGI XL 38 X 81,False
MG3000 WGI XR 35 X 81,ECO600 WGI XR 35 X 81,False
MG3000 WGI XR 35 X 81,ECO600 WGI XL 35 X 81,False
MG3000 WGI XR 35 X 81,ECO600 WGI XR 38 X 81,False
MG3000 WGI XR 35 X 81,ECO600 WGI XR 33 X 81,False
MG3000 WGI XR 35 X 81,ECO700 WG 71 3/4 x 79 3/4,False
MG3000 WGI XR 35 X 81,MG3000 WG XL 33 X 81,False
MG3000 WGI XR 35 X 81,MG3000 WGI XL 33 X 81,False
MG3000 WGI XR 35 X 81,MG3000 WG XR 33 X 81,False
MG3000 WGI XR 35 X 81,MG3000 WG XL 35 X 81,False
MG3000 WGI XR 35 X 81,MG3000 WG XR 35 X 81,False
MG3000 WGI XR 35 X 81,MG3000 WG XR 37 X 80,False
MG3000 WGI XR 35 X 81,MG3000 WGI XL 38 X 81,False
MG3000 WGI XR 35 X 81,MG3000 WGI XL 35 X 81,False
MG3000 WGI XR 35 X 81,MG3000 WG XL 37 X 80,False
MG3000 WGI XR 35 X 81,MG3000 WGI XR 33 X 81,False
MG3000 WGI XR 35 X 81,MG3000 WGI XR 38 X 81,False
MG350 WG 106 X 38 1/8,ECO700 WG 71 3/4 x 79 3/4,False
MG350 WG 106 X 38 1/8,MG300 WG XOX 106 X 38 1/8,False
ECO60 BGI 26 1/4 X 25 3/4,MG300 BGI 26 1/4 X 25 3/4,False
ECO60 BGI 26 1/4 X 25 3/4,MG350 BGI 26 1/4 X 25 3/4,False
MG3000 WGI XL 39 X 81.5,ECO600 WGI XR 38 1/2 X 81 1/2,False
MG3000 WGI XL 39 X 81.5,ECO600 WGI XL 38 X 81,False
MG3000 WGI XL 39 X 81.5,ECO600 WGI XR 38 X 81,False
MG3000 WGI XL 39 X 81.5,ECO600 WGI XR 39 X 81 1/2,False
MG3000 WGI XL 39 X 81.5,ECO600 WGI XL 39 X 81 1/2,False
MG3000 WGI XL 39 X 81.5,ECO700 WG 71 3/4 x 79 3/4,False
MG3000 WGI XL 39 X 81.5,MG3000 WG XR 37 X 80,False
MG3000 WGI XL 39 X 81.5,MG3000 WGI XR 38 1/2 X 81 1/2,False
MG3000 WGI XL 39 X 81.5,MG3000 WGI XL 38 X 81,False
MG3000 WGI XL 39 X 81.5,MG3000 WG XL 37 X 80,False
MG3000 WGI XL 39 X 81.5,MG3000 WGI XR 39 X 81 1/2,False
MG3000 WGI XL 39 X 81.5,ECO600 WGI XL 38 1/2 X 81 1/2,False
MG3000 WGI XL 39 X 81.5,MG3000 WGI XR 38 X 81,False
MG3000 WGI XL 39 X 81.5,MG3000 WGI XL 38 1/2 X 81 1/2,False
MG3000 WGI XR 35 X 81,ECO600 WGI XL 33 X 81,False
MG3000 WGI XR 35 X 81,ECO600 WGI XL 38 X 81,False
MG3000 WGI XR 35 X 81,ECO600 WGI XR 35 X 81,False
MG3000 WGI XR 35 X 81,ECO600 WGI XL 35 X 81,False
MG3000 WGI XR 35 X 81,ECO600 WGI XR 38 X 81,False
MG3000 WGI XR 35 X 81,ECO600 WGI XR 33 X 81,False
MG3000 WGI XR 35 X 81,ECO700 WG 71 3/4 x 79 3/4,False
MG3000 WGI XR 35 X 81,MG3000 WG XL 33 X 81,False
MG3000 WGI XR 35 X 81,MG3000 WGI XL 33 X 81,False
MG3000 WGI XR 35 X 81,MG3000 WG XR 33 X 81,False
MG3000 WGI XR 35 X 81,MG3000 WG XL 35 X 81,False
MG3000 WGI XR 35 X 81,MG3000 WG XR 35 X 81,False
MG3000 WGI XR 35 X 81,MG3000 WG XR 37 X 80,False
MG3000 WGI XR 35 X 81,MG3000 WGI XL 38 X 81,False
MG3000 WGI XR 35 X 81,MG3000 WGI XL 35 X 81,False
MG3000 WGI XR 35 X 81,MG3000 WG XL 37 X 80,False
MG3000 WGI XR 35 X 81,MG3000 WGI XR 33 X 81,False
MG3000 WGI XR 35 X 81,MG3000 WGI XR 38 X 81,False
MG350 WG 106 X 38 1/8,ECO700 WG 71 3/4 x 79 3/4,False
MG350 WG 106 X 38 1/8,MG300 WG XOX 106 X 38 1/8,False
EC HR WG 53 X 38 1/8,ECO700 WG 71 3/4 x 79 3/4,False
EC HR WG 53 X 38 1/8,MG350 WG 52 7/8 X 38 1/8,False
EC HR WG 53 X 38 1/8,MG300 WG 52 7/8 X 38 1/8,False
EC HR BG 37 X 38 1/8,MG600 BG 36 3/4 X 38 1/8,False
EC HR BG 37 X 38 1/8,ECO60 BGI 36 3/4 X 38 1/8,False
EC HR BG 37 X 38 1/8,ECO60 BG 36 3/4 X 38 1/8,False
EC HR BG 37 X 38 1/8,MG300 BG 36 3/4 X 38 1/8,False
EC HR BG 37 X 38 1/8,MG300 BGI 36 3/4 X 38 1/8,False
EC HR BG 37 X 38 1/8,MG350 BGI 36 3/4 X 38 1/8,False
EC HR BG 37 X 38 1/8,MG350 BG 36 3/4 X 38 1/8,False
EC HR BG 37 X 38 1/8,MG350 SH BG 36 3/4 X 38 1/8,False
EC HR BG 37 X 38 1/8,MG200 BG 36 3/4 X 38 1/8,False
EC HR WG 53 X 38 1/8,ECO700 WG 71 3/4 x 79 3/4,False
EC HR WG 53 X 38 1/8,MG350 WG 52 7/8 X 38 1/8,False
EC HR WG 53 X 38 1/8,MG300 WG 52 7/8 X 38 1/8,False
ECO60 BGI 26 1/4 X 25 3/4,MG300 BGI 26 1/4 X 25 3/4,False
ECO60 BGI 26 1/4 X 25 3/4,MG350 BGI 26 1/4 X 25 3/4,False
MG3000 WGI XL 39 X 81.5,ECO600 WGI XR 38 1/2 X 81 1/2,False
MG3000 WGI XL 39 X 81.5,ECO600 WGI XL 38 X 81,False
MG3000 WGI XL 39 X 81.5,ECO600 WGI XR 38 X 81,False
MG3000 WGI XL 39 X 81.5,ECO600 WGI XR 39 X 81 1/2,False
MG3000 WGI XL 39 X 81.5,ECO600 WGI XL 39 X 81 1/2,False
MG3000 WGI XL 39 X 81.5,ECO700 WG 71 3/4 x 79 3/4,False
MG3000 WGI XL 39 X 81.5,MG3000 WG XR 37 X 80,False
MG3000 WGI XL 39 X 81.5,MG3000 WGI XR 38 1/2 X 81 1/2,False
MG3000 WGI XL 39 X 81.5,MG3000 WGI XL 38 X 81,False
MG3000 WGI XL 39 X 81.5,MG3000 WG XL 37 X 80,False
MG3000 WGI XL 39 X 81.5,MG3000 WGI XR 39 X 81 1/2,False
MG3000 WGI XL 39 X 81.5,ECO600 WGI XL 38 1/2 X 81 1/2,False
MG3000 WGI XL 39 X 81.5,MG3000 WGI XR 38 X 81,False
MG3000 WGI XL 39 X 81.5,MG3000 WGI XL 38 1/2 X 81 1/2,False
MG3000 WGI XR 35 X 81,ECO600 WGI XL 33 X 81,False
MG3000 WGI XR 35 X 81,ECO600 WGI XL 38 X 81,False
MG3000 WGI XR 35 X 81,ECO600 WGI XR 35 X 81,False
MG3000 WGI XR 35 X 81,ECO600 WGI XL 35 X 81,False
MG3000 WGI XR 35 X 81,ECO600 WGI XR 38 X 81,False
MG3000 WGI XR 35 X 81,ECO600 WGI XR 33 X 81,False
MG3000 WGI XR 35 X 81,ECO700 WG 71 3/4 x 79 3/4,False
MG3000 WGI XR 35 X 81,MG3000 WG XL 33 X 81,False
MG3000 WGI XR 35 X 81,MG3000 WGI XL 33 X 81,False
MG3000 WGI XR 35 X 81,MG3000 WG XR 33 X 81,False
MG3000 WGI XR 35 X 81,MG3000 WG XL 35 X 81,False
MG3000 WGI XR 35 X 81,MG3000 WG XR 35 X 81,False
MG3000 WGI XR 35 X 81,MG3000 WG XR 37 X 80,False
MG3000 WGI XR 35 X 81,MG3000 WGI XL 38 X 81,False
MG3000 WGI XR 35 X 81,MG3000 WGI XL 35 X 81,False
MG3000 WGI XR 35 X 81,MG3000 WG XL 37 X 80,False
MG3000 WGI XR 35 X 81,MG3000 WGI XR 33 X 81,False
MG3000 WGI XR 35 X 81,MG3000 WGI XR 38 X 81,False
MG350 WG 106 X 38 1/8,ECO700 WG 71 3/4 x 79 3/4,False
MG350 WG 106 X 38 1/8,MG300 WG XOX 106 X 38 1/8,False
EC HR WG 53 X 38 1/8,ECO700 WG 71 3/4 x 79 3/4,False
EC HR WG 53 X 38 1/8,MG350 WG 52 7/8 X 38 1/8,False
EC HR WG 53 X 38 1/8,MG300 WG 52 7/8 X 38 1/8,False
EC HR BG 37 X 38 1/8,MG600 BG 36 3/4 X 38 1/8,False
EC HR BG 37 X 38 1/8,ECO60 BGI 36 3/4 X 38 1/8,False
EC HR BG 37 X 38 1/8,ECO60 BG 36 3/4 X 38 1/8,False
EC HR BG 37 X 38 1/8,MG300 BG 36 3/4 X 38 1/8,False
EC HR BG 37 X 38 1/8,MG300 BGI 36 3/4 X 38 1/8,False
EC HR BG 37 X 38 1/8,MG350 BGI 36 3/4 X 38 1/8,False
EC HR BG 37 X 38 1/8,MG350 BG 36 3/4 X 38 1/8,False
EC HR BG 37 X 38 1/8,MG350 SH BG 36 3/4 X 38 1/8,False
EC HR BG 37 X 38 1/8,MG200 BG 36 3/4 X 38 1/8,False
EC HR WG 53 X 38 1/8,MG600 WG 36 3/4 X 38 1/8,False
EC HR WG 53 X 38 1/8,ECO60 WG 73 3/4 X 50 3/8,False
EC HR WG 53 X 38 1/8,ECO60 WGI 36 3/4 X 38 1/8,False
EC HR WG 53 X 38 1/8,MG600 WG 36 3/4 X 50 3/8,False
EC HR WG 53 X 38 1/8,ECO600 WGI XL 33 X 81,False
EC HR WG 53 X 38 1/8,ECO600 WGI XR 38 1/2 X 81 1/2,False
EC HR WG 53 X 38 1/8,ECO600 WG XXL 59 3/4 X 79 3/4,False
EC HR WG 53 X 38 1/8,ECO600 WG XXL 71 3/4 X 79 3/4,False
EC HR WG 53 X 38 1/8,ECO600 WGI XL 38 X 81,False
EC HR WG 53 X 38 1/8,ECO600 WGI XR 35 X 81,False
EC HR WG 53 X 38 1/8,ECO600 WGI XL 35 X 81,False
EC HR WG 53 X 38 1/8,ECO600 WGI XR 38 X 81,False
EC HR WG 53 X 38 1/8,ECO600 WGI XR 33 X 81,False
EC HR WG 53 X 38 1/8,ECO600 WGI XR 39 X 81 1/2,False
EC HR WG 53 X 38 1/8,ECO600 WGI XL 39 X 81 1/2,False
EC HR WG 53 X 38 1/8,ECO600 WGI XXL 63 X 81,False
EC HR WG 53 X 38 1/8,ECO600 WGI XXL 72 X 80,False
EC HR WG 53 X 38 1/8,ECO600 WG XXR 59 3/4 X 79 3/4,False
EC HR WG 53 X 38 1/8,ECO600 WG XXR 71 3/4 X 79 3/4,False
EC HR WG 53 X 38 1/8,ECO600 WGI XXR 72 X 80,False
EC HR WG 53 X 38 1/8,ECO50 WG 36 3/4 X 74,False
EC HR WG 53 X 38 1/8,ECO700 WG 59 3/4 X 79 3/4,False
EC HR WG 53 X 38 1/8,ECO700 WG 71 3/4 x 79 3/4,False
EC HR WG 53 X 38 1/8,ECO700 WG 95 3/4 X 79 3/4,False
EC HR WG 53 X 38 1/8,ES-MX3000 WG XX 72 X 80,False
EC HR WG 53 X 38 1/8,ES-MX2000 WG XO 73 3/4 X 62 3/4,False
EC HR WG 53 X 38 1/8,MG3000 WG XL 33 X 81,False
EC HR WG 53 X 38 1/8,ECO600 WGI XXR 63 X 81,False
EC HR WG 53 X 38 1/8,MG3000 WGI XL 33 X 81,False
EC HR WG 53 X 38 1/8,MG3000 WG XR 33 X 81,False
EC HR WG 53 X 38 1/8,MG3000 WG XL 35 X 81,False
EC HR WG 53 X 38 1/8,MG3000 WG XR 35 X 81,False
EC HR WG 53 X 38 1/8,MG3000 WG XR 37 X 80,False
EC HR WG 53 X 38 1/8,MG3000 WGI XR 38 1/2 X 81 1/2,False
EC HR WG 53 X 38 1/8,MG3000 WGI XL 38 X 81,False
EC HR WG 53 X 38 1/8,MG3000 WGI XL 35 X 81,False
EC HR WG 53 X 38 1/8,MG3000 WG XL 37 X 80,False
EC HR WG 53 X 38 1/8,MG3000 WGI XXR 63 X 81,False
EC HR WG 53 X 38 1/8,MG3000 WGI XL 39 X 81.5,False
EC HR WG 53 X 38 1/8,MG3000 WGI XR 39 X 81 1/2,False
EC HR WG 53 X 38 1/8,MG3000 WGI XXL 75 X 81,False
EC HR WG 53 X 38 1/8,MG3000 WGI XXR 75 X 81,False
EC HR WG 53 X 38 1/8,MG3000 WG XXL 59 3/4 X 79 3/4,False
EC HR WG 53 X 38 1/8,MG300 WG XOX 106 X 38 1/8,False
EC HR WG 53 X 38 1/8,MG300 WG XOX 110 3/4 X 62 3/4,False
EC HR WG 53 X 38 1/8,MG300 WG 26 1/4 X 38 1/8,False
EC HR WG 53 X 38 1/8,MG300 WGI 26 1/4 X 38 1/8,False
EC HR WG 53 X 38 1/8,MG3000 WGI XXR 76 X 82,False
EC HR WG 53 X 38 1/8,MG300 WG XOX 110 3/4 X 38 1/8,False
EC HR WG 53 X 38 1/8,MG300 WG XOX 110 3/4 X 50 3/8,False
EC HR WG 53 X 38 1/8,MG300 WG XOX 106 X 50 3/8,False
EC HR WG 53 X 38 1/8,MG3000 WGI XXL 76 X 82,False
EC HR WG 53 X 38 1/8,MG300 WG XOX 106 X 62 3/4,False
EC HR WG 53 X 38 1/8,MG350 WG 106 X 38 1/8,False
EC HR WG 53 X 38 1/8,MG300 WG 36 3/4 X 38 1/8,False
EC HR WG 53 X 38 1/8,MG300 WGI 36 3/4 X 38 1/8,False
EC HR WG 53 X 38 1/8,MG350 WG 106 X 50 3/8,False
EC HR WG 53 X 38 1/8,MG350 WG 106 X 62 3/4,False
EC HR WG 53 X 38 1/8,MG350 WG 110 3/4 X 38 1/8,False
EC HR WG 53 X 38 1/8,MG350 WG 110 3/4 X 50 3/8,False
EC HR WG 53 X 38 1/8,MG350 WG 110 3/4 X 62 3/4,False
EC HR WG 53 X 38 1/8,MG350 WG 36 3/4 X 38 1/8,False
EC HR WG 53 X 38 1/8,MG350 WG 36 3/4 X 50 3/8,False
EC HR WG 53 X 38 1/8,MG350 WGI 26 1/4 X 25 3/4,False
EC HR WG 53 X 38 1/8,MG350 WGI 36 3/4 X 38 1/8,False
EC HR WG 53 X 38 1/8,MG350 WGI 36 3/4 X 25 3/4,False
EC HR WG 53 X 38 1/8,MG350 PW WG 36 3/4 X 62 3/4,False
EC HR WG 53 X 38 1/8,MG350 PW WG 36 3/4 X 74,False
EC HR WG 53 X 38 1/8,MG350 SH WG 26 1/4 X 38 1/8,False
EC HR WG 53 X 38 1/8,MG350 SH WG 26 1/4 X 50 3/8,False
EC HR WG 53 X 38 1/8,MG350 SH WG 36 3/4 X 38 1/8,False
EC HR WG 53 X 38 1/8,MG350 SH WG 36 3/4 X 50 3/8,False
EC HR WG 53 X 38 1/8,MG350 WG 73 3/4 X 38 1/8,False
EC HR WG 53 X 38 1/8,MG350 WG 73 3/4 X 62 3/4,False
EC HR WG 53 X 38 1/8,MG350 WG 52 7/8 X 62 3/4,False
EC HR WG 53 X 38 1/8,MG350 WG 73 3/4 X 50 3/8,False
EC HR WG 53 X 38 1/8,MG350 SH WG 36 3/4 X 62 3/4,False
EC HR WG 53 X 38 1/8,MG350 SH WG 36 3/4 X 74,False
EC HR WG 53 X 38 1/8,MG200 WG 36 1/2 X 66,False
EC HR WG 53 X 38 1/8,MG200 WG 36 3/4 X 62 3/4,False
EC HR WG 53 X 38 1/8,MG200 WG 36 3/4 X 38 1/8,False
EC HR WG 53 X 38 1/8,MG200 WG 36 3/4 X 50 3/8,False
EC HR WG 53 X 38 1/8,MG200 WG 19 X 38 1/8,False
EC HR WG 53 X 38 1/8,MG200 WG 36 3/4 X 74,False
EC HR WG 53 X 38 1/8,MG200 WGI 19 X 38 1/8,False
EC HR WG 53 X 38 1/8,ECO600 WGI XL 38 1/2 X 81 1/2,False
EC HR WG 53 X 38 1/8,MG1500 WG XX 59 3/4 X 79 3/4,False
EC HR WG 53 X 38 1/8,MG300 WGI 36 3/4 X 25 3/4,False
EC HR WG 53 X 38 1/8,EC HR WG 53 X 50 3/8,False
EC HR WG 53 X 38 1/8,MG200 WGI 19 X 25 3/4,False
EC HR WG 53 X 38 1/8,MG1500 WG XX 95 3/4 X 79 3/4,False
EC HR WG 53 X 38 1/8,MG3000 WGI XR 33 X 81,False
EC HR WG 53 X 38 1/8,MG3000 WG XXR 71 3/4 X 79 3/4,False
EC HR WG 53 X 38 1/8,MG3000 WGI XXR 72 X 80,False
EC HR WG 53 X 38 1/8,MG350 WG 52 7/8 X 50 3/8,False
EC HR WG 53 X 38 1/8,MG3000 WGI XR 38 X 81,False
EC HR WG 53 X 38 1/8,MG300 WG 52 7/8 X 62 3/4,False
EC HR WG 53 X 38 1/8,MG3000 WGI XR 35 X 81,False
EC HR WG 53 X 38 1/8,MG3000 WGI XL 38 1/2 X 81 1/2,False
EC HR WG 53 X 38 1/8,MG350 WG 52 7/8 X 38 1/8,False
EC HR WG 53 X 38 1/8,MG3000 WG XXR 59 3/4 X 79 3/4,False
EC HR WG 53 X 38 1/8,MG3000 WGI XXL 63 X 81,False
EC HR WG 53 X 38 1/8,MG3000 WG XXL 71 3/4 X 79 3/4,False
EC HR WG 53 X 38 1/8,MG300 WGI 26 1/4 X 25 3/4,False
EC HR WG 53 X 38 1/8,MG300 WG 36 3/4 X 50 3/8,False
EC HR WG 53 X 38 1/8,MG300 WG 73 3/4 X 62 3/4,False
EC HR WG 53 X 38 1/8,MG3000 WGI XXL 72 X 80,False
EC HR WG 53 X 38 1/8,MG300 WG 52 7/8 X 38 1/8,False
EC HR WG 53 X 38 1/8,MG300 WG 52 7/8 X 50 3/8,False
EC HR WG 53 X 38 1/8,MG300 WG 73 3/4 X 38 1/8,False
EC HR WG 53 X 38 1/8,MG1500 WG XX 71 3/4 X 79 3/4,False
EC HR WG 53 X 38 1/8,MG300 WG 73 3/4 X 50 3/8,False
EC HR WG 53 X 38 1/8,ECO700 WG 71 3/4 x 79 3/4,False
EC HR WG 53 X 38 1/8,MG350 WG 52 7/8 X 38 1/8,False
EC HR WG 53 X 38 1/8,MG300 WG 52 7/8 X 38 1/8,False
ECO60 BGI 26 1/4 X 25 3/4,MG300 BGI 26 1/4 X 25 3/4,False
ECO60 BGI 26 1/4 X 25 3/4,MG350 BGI 26 1/4 X 25 3/4,False
MG3000 WGI XL 39 X 81.5,ECO600 WGI XR 38 1/2 X 81 1/2,False
MG3000 WGI XL 39 X 81.5,ECO600 WGI XL 38 X 81,False
MG3000 WGI XL 39 X 81.5,ECO600 WGI XR 38 X 81,False
MG3000 WGI XL 39 X 81.5,ECO600 WGI XR 39 X 81 1/2,False
MG3000 WGI XL 39 X 81.5,ECO600 WGI XL 39 X 81 1/2,False
MG3000 WGI XL 39 X 81.5,ECO700 WG 71 3/4 x 79 3/4,False
MG3000 WGI XL 39 X 81.5,MG3000 WG XR 37 X 80,False
MG3000 WGI XL 39 X 81.5,MG3000 WGI XR 38 1/2 X 81 1/2,False
MG3000 WGI XL 39 X 81.5,MG3000 WGI XL 38 X 81,False
MG3000 WGI XL 39 X 81.5,MG3000 WG XL 37 X 80,False
MG3000 WGI XL 39 X 81.5,MG3000 WGI XR 39 X 81 1/2,False
MG3000 WGI XL 39 X 81.5,ECO600 WGI XL 38 1/2 X 81 1/2,False
MG3000 WGI XL 39 X 81.5,MG3000 WGI XR 38 X 81,False
MG3000 WGI XL 39 X 81.5,MG3000 WGI XL 38 1/2 X 81 1/2,False
MG3000 WGI XR 35 X 81,ECO600 WGI XL 33 X 81,False
MG3000 WGI XR 35 X 81,ECO600 WGI XL 38 X 81,False
MG3000 WGI XR 35 X 81,ECO600 WGI XR 35 X 81,False
MG3000 WGI XR 35 X 81,ECO600 WGI XL 35 X 81,False
MG3000 WGI XR 35 X 81,ECO600 WGI XR 38 X 81,False
MG3000 WGI XR 35 X 81,ECO600 WGI XR 33 X 81,False
MG3000 WGI XR 35 X 81,ECO700 WG 71 3/4 x 79 3/4,False
MG3000 WGI XR 35 X 81,MG3000 WG XL 33 X 81,False
MG3000 WGI XR 35 X 81,MG3000 WGI XL 33 X 81,False
MG3000 WGI XR 35 X 81,MG3000 WG XR 33 X 81,False
MG3000 WGI XR 35 X 81,MG3000 WG XL 35 X 81,False
MG3000 WGI XR 35 X 81,MG3000 WG XR 35 X 81,False
MG3000 WGI XR 35 X 81,MG3000 WG XR 37 X 80,False
MG3000 WGI XR 35 X 81,MG3000 WGI XL 38 X 81,False
MG3000 WGI XR 35 X 81,MG3000 WGI XL 35 X 81,False
MG3000 WGI XR 35 X 81,MG3000 WG XL 37 X 80,False
MG3000 WGI XR 35 X 81,MG3000 WGI XR 33 X 81,False
MG3000 WGI XR 35 X 81,MG3000 WGI XR 38 X 81,False
MG350 WG 106 X 38 1/8,ECO700 WG 71 3/4 x 79 3/4,False
MG350 WG 106 X 38 1/8,MG300 WG XOX 106 X 38 1/8,False
EC HR WG 53 X 38 1/8,ECO700 WG 71 3/4 x 79 3/4,False
EC HR WG 53 X 38 1/8,MG350 WG 52 7/8 X 38 1/8,False
EC HR WG 53 X 38 1/8,MG300 WG 52 7/8 X 38 1/8,False
EC HR BG 37 X 38 1/8,MG600 BG 36 3/4 X 38 1/8,False
EC HR BG 37 X 38 1/8,ECO60 BGI 36 3/4 X 38 1/8,False
EC HR BG 37 X 38 1/8,ECO60 BG 36 3/4 X 38 1/8,False
EC HR BG 37 X 38 1/8,MG300 BG 36 3/4 X 38 1/8,False
EC HR BG 37 X 38 1/8,MG300 BGI 36 3/4 X 38 1/8,False
EC HR BG 37 X 38 1/8,MG350 BGI 36 3/4 X 38 1/8,False
EC HR BG 37 X 38 1/8,MG350 BG 36 3/4 X 38 1/8,False
EC HR BG 37 X 38 1/8,MG350 SH BG 36 3/4 X 38 1/8,False
EC HR BG 37 X 38 1/8,MG200 BG 36 3/4 X 38 1/8,False
EC HR WG 53 X 38 1/8,MG350 WG 52 7/8 X 38 1/8,False
EC HR WG 53 X 38 1/8,MG300 WG 52 7/8 X 38 1/8,False
ECO60 BGI 26 1/4 X 25 3/4,MG300 BGI 26 1/4 X 25 3/4,False
ECO60 BGI 26 1/4 X 25 3/4,MG350 BGI 26 1/4 X 25 3/4,False
MG3000 WGI XL 39 X 81.5,ECO600 WGI XR 38 1/2 X 81 1/2,False
MG3000 WGI XL 39 X 81.5,ECO600 WGI XL 38 X 81,False
MG3000 WGI XL 39 X 81.5,ECO600 WGI XR 38 X 81,False
MG3000 WGI XL 39 X 81.5,ECO600 WGI XR 39 X 81 1/2,False
MG3000 WGI XL 39 X 81.5,ECO600 WGI XL 39 X 81 1/2,False
MG3000 WGI XL 39 X 81.5,MG3000 WG XR 37 X 80,False
MG3000 WGI XL 39 X 81.5,MG3000 WGI XR 38 1/2 X 81 1/2,False
MG3000 WGI XL 39 X 81.5,MG3000 WGI XL 38 X 81,False
MG3000 WGI XL 39 X 81.5,MG3000 WG XL 37 X 80,False
MG3000 WGI XL 39 X 81.5,MG3000 WGI XR 39 X 81 1/2,False
MG3000 WGI XL 39 X 81.5,ECO600 WGI XL 38 1/2 X 81 1/2,False
MG3000 WGI XL 39 X 81.5,MG3000 WGI XR 38 X 81,False
MG3000 WGI XL 39 X 81.5,MG3000 WGI XL 38 1/2 X 81 1/2,False
MG3000 WGI XR 35 X 81,ECO600 WGI XL 33 X 81,False
MG3000 WGI XR 35 X 81,ECO600 WGI XL 38 X 81,False
MG3000 WGI XR 35 X 81,ECO600 WGI XR 35 X 81,False
MG3000 WGI XR 35 X 81,ECO600 WGI XL 35 X 81,False
MG3000 WGI XR 35 X 81,ECO600 WGI XR 38 X 81,False
MG3000 WGI XR 35 X 81,ECO600 WGI XR 33 X 81,False
MG3000 WGI XR 35 X 81,MG3000 WG XL 33 X 81,False
MG3000 WGI XR 35 X 81,MG3000 WGI XL 33 X 81,False
MG3000 WGI XR 35 X 81,MG3000 WG XR 33 X 81,False
MG3000 WGI XR 35 X 81,MG3000 WG XL 35 X 81,False
MG3000 WGI XR 35 X 81,MG3000 WG XR 35 X 81,False
MG3000 WGI XR 35 X 81,MG3000 WG XR 37 X 80,False
MG3000 WGI XR 35 X 81,MG3000 WGI XL 38 X 81,False
MG3000 WGI XR 35 X 81,MG3000 WGI XL 35 X 81,False
MG3000 WGI XR 35 X 81,MG3000 WG XL 37 X 80,False
MG3000 WGI XR 35 X 81,MG3000 WGI XR 33 X 81,False
MG3000 WGI XR 35 X 81,MG3000 WGI XR 38 X 81,False
MG350 WG 106 X 38 1/8,MG300 WG XOX 106 X 38 1/8,False
EC HR WG 53 X 38 1/8,MG350 WG 52 7/8 X 38 1/8,False
EC HR WG 53 X 38 1/8,MG300 WG 52 7/8 X 38 1/8,False
EC HR BG 37 X 38 1/8,MG600 BG 36 3/4 X 38 1/8,False
EC HR BG 37 X 38 1/8,ECO60 BGI 36 3/4 X 38 1/8,False
EC HR BG 37 X 38 1/8,ECO60 BG 36 3/4 X 38 1/8,False
EC HR BG 37 X 38 1/8,MG300 BG 36 3/4 X 38 1/8,False
EC HR BG 37 X 38 1/8,MG300 BGI 36 3/4 X 38 1/8,False
EC HR BG 37 X 38 1/8,MG350 BGI 36 3/4 X 38 1/8,False
EC HR BG 37 X 38 1/8,MG350 BG 36 3/4 X 38 1/8,False
EC HR BG 37 X 38 1/8,MG350 SH BG 36 3/4 X 38 1/8,False
EC HR BG 37 X 38 1/8,MG200 BG 36 3/4 X 38 1/8,False
ECO700 WG 71 3/4 x 79 3/4,ECO600 WG XXL 71 3/4 X 79 3/4,False
ECO700 WG 71 3/4 x 79 3/4,ECO600 WGI XXL 72 X 80,False
ECO700 WG 71 3/4 x 79 3/4,ECO600 WG XXR 71 3/4 X 79 3/4,False
ECO700 WG 71 3/4 x 79 3/4,ECO600 WGI XXR 72 X 80,False
ECO700 WG 71 3/4 x 79 3/4,ES-MX3000 WG XX 72 X 80,False
ECO700 WG 71 3/4 x 79 3/4,MG3000 WG XXR 71 3/4 X 79 3/4,False
ECO700 WG 71 3/4 x 79 3/4,MG3000 WGI XXR 72 X 80,False
ECO700 WG 71 3/4 x 79 3/4,MG3000 WG XXL 71 3/4 X 79 3/4,False
ECO700 WG 71 3/4 x 79 3/4,MG3000 WGI XXL 72 X 80,False
ECO700 WG 71 3/4 x 79 3/4,MG1500 WG XX 71 3/4 X 79 3/4,False
MG350 WG 106 X 38 1/8,MG300 WG XOX 106 X 38 1/8,False
EC HR WG 53 X 38 1/8,MG350 WG 52 7/8 X 38 1/8,False
EC HR WG 53 X 38 1/8,MG300 WG 52 7/8 X 38 1/8,False
ECO700 WG 71 3/4 x 79 3/4,ECO600 WG XXL 71 3/4 X 79 3/4,False
ECO700 WG 71 3/4 x 79 3/4,ECO600 WGI XXL 72 X 80,False
ECO700 WG 71 3/4 x 79 3/4,ECO600 WG XXR 71 3/4 X 79 3/4,False
ECO700 WG 71 3/4 x 79 3/4,ECO600 WGI XXR 72 X 80,False
ECO700 WG 71 3/4 x 79 3/4,ES-MX3000 WG XX 72 X 80,False
ECO700 WG 71 3/4 x 79 3/4,MG3000 WG XXR 71 3/4 X 79 3/4,False
ECO700 WG 71 3/4 x 79 3/4,MG3000 WGI XXR 72 X 80,False
ECO700 WG 71 3/4 x 79 3/4,MG3000 WG XXL 71 3/4 X 79 3/4,False
ECO700 WG 71 3/4 x 79 3/4,MG3000 WGI XXL 72 X 80,False
ECO700 WG 71 3/4 x 79 3/4,MG1500 WG XX 71 3/4 X 79 3/4,False
MG350 WG 106 X 38 1/8,MG300 WG XOX 106 X 38 1/8,False
EC HR WG 53 X 38 1/8,MG350 WG 52 7/8 X 38 1/8,False
EC HR WG 53 X 38 1/8,MG300 WG 52 7/8 X 38 1/8,False
ECO700 WG 71 3/4 x 79 3/4,ECO600 WG XXL 71 3/4 X 79 3/4,False
ECO700 WG 71 3/4 x 79 3/4,ECO600 WGI XXL 72 X 80,False
ECO700 WG 71 3/4 x 79 3/4,ECO600 WG XXR 71 3/4 X 79 3/4,False
ECO700 WG 71 3/4 x 79 3/4,ECO600 WGI XXR 72 X 80,False
ECO700 WG 71 3/4 x 79 3/4,ES-MX3000 WG XX 72 X 80,False
ECO700 WG 71 3/4 x 79 3/4,MG3000 WG XXR 71 3/4 X 79 3/4,False
ECO700 WG 71 3/4 x 79 3/4,MG3000 WGI XXR 72 X 80,False
ECO700 WG 71 3/4 x 79 3/4,MG3000 WG XXL 71 3/4 X 79 3/4,False
ECO700 WG 71 3/4 x 79 3/4,MG3000 WGI XXL 72 X 80,False
ECO700 WG 71 3/4 x 79 3/4,MG1500 WG XX 71 3/4 X 79 3/4,False
MG350 WG 106 X 38 1/8,MG300 WG XOX 106 X 38 1/8,False
EC HR WG 53 X 38 1/8,MG350 WG 52 7/8 X 38 1/8,False
EC HR WG 53 X 38 1/8,MG300 WG 52 7/8 X 38 1/8,False
ECO700 WG 71 3/4 x 79 3/4,ECO600 WG XXL 71 3/4 X 79 3/4,False
ECO700 WG 71 3/4 x 79 3/4,ECO600 WGI XXL 72 X 80,False
ECO700 WG 71 3/4 x 79 3/4,ECO600 WG XXR 71 3/4 X 79 3/4,False
ECO700 WG 71 3/4 x 79 3/4,ECO600 WGI XXR 72 X 80,False
ECO700 WG 71 3/4 x 79 3/4,ES-MX3000 WG XX 72 X 80,False
ECO700 WG 71 3/4 x 79 3/4,MG3000 WG XXR 71 3/4 X 79 3/4,False
ECO700 WG 71 3/4 x 79 3/4,MG3000 WGI XXR 72 X 80,False
ECO700 WG 71 3/4 x 79 3/4,MG3000 WG XXL 71 3/4 X 79 3/4,False
ECO700 WG 71 3/4 x 79 3/4,MG3000 WGI XXL 72 X 80,False
ECO700 WG 71 3/4 x 79 3/4,MG1500 WG XX 71 3/4 X 79 3/4,False
MG350 WG 106 X 38 1/8,MG300 WG XOX 106 X 38 1/8,False
EC HR WG 53 X 38 1/8,MG350 WG 52 7/8 X 38 1/8,False
EC HR WG 53 X 38 1/8,MG300 WG 52 7/8 X 38 1/8,False
ECO700 WG 71 3/4 x 79 3/4,ECO600 WG XXL 71 3/4 X 79 3/4,False
ECO700 WG 71 3/4 x 79 3/4,ECO600 WGI XXL 72 X 80,False
ECO700 WG 71 3/4 x 79 3/4,ECO600 WG XXR 71 3/4 X 79 3/4,False
ECO700 WG 71 3/4 x 79 3/4,ECO600 WGI XXR 72 X 80,False
ECO700 WG 71 3/4 x 79 3/4,ES-MX3000 WG XX 72 X 80,False
ECO700 WG 71 3/4 x 79 3/4,MG3000 WG XXR 71 3/4 X 79 3/4,False
ECO700 WG 71 3/4 x 79 3/4,MG3000 WGI XXR 72 X 80,False
ECO700 WG 71 3/4 x 79 3/4,MG3000 WG XXL 71 3/4 X 79 3/4,False
ECO700 WG 71 3/4 x 79 3/4,MG3000 WGI XXL 72 X 80,False
ECO700 WG 71 3/4 x 79 3/4,MG1500 WG XX 71 3/4 X 79 3/4,False
MG350 WG 106 X 38 1/8,MG300 WG XOX 106 X 38 1/8,False
EC HR WG 53 X 38 1/8,MG350 WG 52 7/8 X 38 1/8,False
EC HR WG 53 X 38 1/8,MG300 WG 52 7/8 X 38 1/8,False
ECO700 WG 71 3/4 x 79 3/4,ECO600 WG XXL 71 3/4 X 79 3/4,False
ECO700 WG 71 3/4 x 79 3/4,ECO600 WGI XXL 72 X 80,False
ECO700 WG 71 3/4 x 79 3/4,ECO600 WG XXR 71 3/4 X 79 3/4,False
ECO700 WG 71 3/4 x 79 3/4,ECO600 WGI XXR 72 X 80,False
ECO700 WG 71 3/4 x 79 3/4,ES-MX3000 WG XX 72 X 80,False
ECO700 WG 71 3/4 x 79 3/4,MG3000 WG XXR 71 3/4 X 79 3/4,False
ECO700 WG 71 3/4 x 79 3/4,MG3000 WGI XXR 72 X 80,False
ECO700 WG 71 3/4 x 79 3/4,MG3000 WG XXL 71 3/4 X 79 3/4,False
ECO700 WG 71 3/4 x 79 3/4,MG3000 WGI XXL 72 X 80,False
ECO700 WG 71 3/4 x 79 3/4,MG1500 WG XX 71 3/4 X 79 3/4,False
MG350 WG 106 X 38 1/8,MG300 WG XOX 106 X 38 1/8,False
EC HR WG 53 X 38 1/8,MG350 WG 52 7/8 X 38 1/8,False
EC HR WG 53 X 38 1/8,MG300 WG 52 7/8 X 38 1/8,False
ECO700 WG 71 3/4 x 79 3/4,ECO600 WG XXL 71 3/4 X 79 3/4,False
ECO700 WG 71 3/4 x 79 3/4,ECO600 WGI XXL 72 X 80,False
ECO700 WG 71 3/4 x 79 3/4,ECO600 WG XXR 71 3/4 X 79 3/4,False
ECO700 WG 71 3/4 x 79 3/4,ECO600 WGI XXR 72 X 80,False
ECO700 WG 71 3/4 x 79 3/4,ES-MX3000 WG XX 72 X 80,False
ECO700 WG 71 3/4 x 79 3/4,MG3000 WG XXR 71 3/4 X 79 3/4,False
ECO700 WG 71 3/4 x 79 3/4,MG3000 WGI XXR 72 X 80,False
ECO700 WG 71 3/4 x 79 3/4,MG3000 WG XXL 71 3/4 X 79 3/4,False
ECO700 WG 71 3/4 x 79 3/4,MG3000 WGI XXL 72 X 80,False
ECO700 WG 71 3/4 x 79 3/4,MG1500 WG XX 71 3/4 X 79 3/4,False
EC HR WG 53 X 38 1/8,MG350 WG 52 7/8 X 38 1/8,False
EC HR WG 53 X 38 1/8,MG300 WG 52 7/8 X 38 1/8,False
MG350 WG 106 X 38 1/8,MG300 WG XOX 106 X 38 1/8,False
EC HR WG 53 X 38 1/8,MG350 WG 52 7/8 X 38 1/8,False
EC HR WG 53 X 38 1/8,MG300 WG 52 7/8 X 38 1/8,False
ECO700 WG 71 3/4 x 79 3/4,ECO600 WG XXL 71 3/4 X 79 3/4,False
ECO700 WG 71 3/4 x 79 3/4,ECO600 WGI XXL 72 X 80,False
ECO700 WG 71 3/4 x 79 3/4,ECO600 WG XXR 71 3/4 X 79 3/4,False
ECO700 WG 71 3/4 x 79 3/4,ECO600 WGI XXR 72 X 80,False
ECO700 WG 71 3/4 x 79 3/4,ES-MX3000 WG XX 72 X 80,False
ECO700 WG 71 3/4 x 79 3/4,MG3000 WG XXR 71 3/4 X 79 3/4,False
ECO700 WG 71 3/4 x 79 3/4,MG3000 WGI XXR 72 X 80,False
ECO700 WG 71 3/4 x 79 3/4,MG3000 WG XXL 71 3/4 X 79 3/4,False
ECO700 WG 71 3/4 x 79 3/4,MG3000 WGI XXL 72 X 80,False
ECO700 WG 71 3/4 x 79 3/4,MG1500 WG XX 71 3/4 X 79 3/4,False
MG350 WG 106 X 38 1/8,MG300 WG XOX 106 X 38 1/8,False
EC HR WG 53 X 38 1/8,MG350 WG 52 7/8 X 38 1/8,False
EC HR WG 53 X 38 1/8,MG300 WG 52 7/8 X 38 1/8,False
ECO700 WG 71 3/4 x 79 3/4,ECO600 WG XXL 71 3/4 X 79 3/4,False
ECO700 WG 71 3/4 x 79 3/4,ECO600 WGI XXL 72 X 80,False
ECO700 WG 71 3/4 x 79 3/4,ECO600 WG XXR 71 3/4 X 79 3/4,False
ECO700 WG 71 3/4 x 79 3/4,ECO600 WGI XXR 72 X 80,False
ECO700 WG 71 3/4 x 79 3/4,ES-MX3000 WG XX 72 X 80,False
ECO700 WG 71 3/4 x 79 3/4,MG3000 WG XXR 71 3/4 X 79 3/4,False
ECO700 WG 71 3/4 x 79 3/4,MG3000 WGI XXR 72 X 80,False
ECO700 WG 71 3/4 x 79 3/4,MG3000 WG XXL 71 3/4 X 79 3/4,False
ECO700 WG 71 3/4 x 79 3/4,MG3000 WGI XXL 72 X 80,False
ECO700 WG 71 3/4 x 79 3/4,MG1500 WG XX 71 3/4 X 79 3/4,False
MG350 WG 106 X 38 1/8,MG300 WG XOX 106 X 38 1/8,False
EC HR WG 53 X 38 1/8,MG350 WG 52 7/8 X 38 1/8,False
EC HR WG 53 X 38 1/8,MG300 WG 52 7/8 X 38 1/8,False
ECO700 WG 71 3/4 x 79 3/4,ECO600 WG XXL 71 3/4 X 79 3/4,False
ECO700 WG 71 3/4 x 79 3/4,ECO600 WGI XXL 72 X 80,False
ECO700 WG 71 3/4 x 79 3/4,ECO600 WGI XXR 72 X 80,False
ECO700 WG 71 3/4 x 79 3/4,ES-MX3000 WG XX 72 X 80,False
ECO700 WG 71 3/4 x 79 3/4,MG3000 WG XXR 71 3/4 X 79 3/4,False
ECO700 WG 71 3/4 x 79 3/4,MG3000 WGI XXR 72 X 80,False
ECO700 WG 71 3/4 x 79 3/4,MG3000 WG XXL 71 3/4 X 79 3/4,False
ECO700 WG 71 3/4 x 79 3/4,MG3000 WGI XXL 72 X 80,False
ECO700 WG 71 3/4 x 79 3/4,MG1500 WG XX 71 3/4 X 79 3/4,False
MG350 WG 106 X 38 1/8,MG300 WG XOX 106 X 38 1/8,False
EC HR WG 53 X 38 1/8,MG350 WG 52 7/8 X 38 1/8,False
EC HR WG 53 X 38 1/8,MG300 WG 52 7/8 X 38 1/8,False
ECO700 WG 71 3/4 x 79 3/4,ECO600 WG XXL 71 3/4 X 79 3/4,False
ECO700 WG 71 3/4 x 79 3/4,ECO600 WGI XXL 72 X 80,False
ECO700 WG 71 3/4 x 79 3/4,ECO600 WGI XXR 72 X 80,False
ECO700 WG 71 3/4 x 79 3/4,ES-MX3000 WG XX 72 X 80,False
ECO700 WG 71 3/4 x 79 3/4,MG3000 WG XXR 71 3/4 X 79 3/4,False
ECO700 WG 71 3/4 x 79 3/4,MG3000 WGI XXR 72 X 80,False
ECO700 WG 71 3/4 x 79 3/4,MG3000 WG XXL 71 3/4 X 79 3/4,False
ECO700 WG 71 3/4 x 79 3/4,MG3000 WGI XXL 72 X 80,False
ECO700 WG 71 3/4 x 79 3/4,MG1500 WG XX 71 3/4 X 79 3/4,False
MG350 WG 106 X 38 1/8,MG300 WG XOX 106 X 38 1/8,False
EC HR WG 53 X 38 1/8,MG350 WG 52 7/8 X 38 1/8,False
EC HR WG 53 X 38 1/8,MG300 WG 52 7/8 X 38 1/8,False
ECO700 WG 71 3/4 x 79 3/4,ECO600 WG XXL 71 3/4 X 79 3/4,False
ECO700 WG 71 3/4 x 79 3/4,ECO600 WGI XXL 72 X 80,False
ECO700 WG 71 3/4 x 79 3/4,ECO600 WG XXR 71 3/4 X 79 3/4,False
ECO700 WG 71 3/4 x 79 3/4,ECO600 WGI XXR 72 X 80,False
ECO700 WG 71 3/4 x 79 3/4,ES-MX3000 WG XX 72 X 80,False
ECO700 WG 71 3/4 x 79 3/4,MG3000 WG XXR 71 3/4 X 79 3/4,False
ECO700 WG 71 3/4 x 79 3/4,MG3000 WGI XXR 72 X 80,False
ECO700 WG 71 3/4 x 79 3/4,MG3000 WG XXL 71 3/4 X 79 3/4,False
ECO700 WG 71 3/4 x 79 3/4,MG3000 WGI XXL 72 X 80,False
ECO700 WG 71 3/4 x 79 3/4,MG1500 WG XX 71 3/4 X 79 3/4,False
MG350 WG 106 X 38 1/8,MG300 WG XOX 106 X 38 1/8,False
EC HR WG 53 X 38 1/8,MG350 WG 52 7/8 X 38 1/8,False
EC HR WG 53 X 38 1/8,MG300 WG 52 7/8 X 38 1/8,False
ECO700 WG 71 3/4 x 79 3/4,ECO600 WG XXL 71 3/4 X 79 3/4,False
ECO700 WG 71 3/4 x 79 3/4,ECO600 WGI XXL 72 X 80,False
ECO700 WG 71 3/4 x 79 3/4,ECO600 WGI XXR 72 X 80,False
ECO700 WG 71 3/4 x 79 3/4,ES-MX3000 WG XX 72 X 80,False
ECO700 WG 71 3/4 x 79 3/4,MG3000 WG XXR 71 3/4 X 79 3/4,False
ECO700 WG 71 3/4 x 79 3/4,MG3000 WGI XXR 72 X 80,False
ECO700 WG 71 3/4 x 79 3/4,MG3000 WG XXL 71 3/4 X 79 3/4,False
ECO700 WG 71 3/4 x 79 3/4,MG3000 WGI XXL 72 X 80,False
ECO700 WG 71 3/4 x 79 3/4,MG1500 WG XX 71 3/4 X 79 3/4,False
MG350 WG 106 X 38 1/8,MG300 WG XOX 106 X 38 1/8,False
EC HR WG 53 X 38 1/8,MG350 WG 52 7/8 X 38 1/8,False
EC HR WG 53 X 38 1/8,MG300 WG 52 7/8 X 38 1/8,False
ECO700 WG 71 3/4 x 79 3/4,ECO600 WG XXL 71 3/4 X 79 3/4,False
ECO700 WG 71 3/4 x 79 3/4,ECO600 WGI XXL 72 X 80,False
ECO700 WG 71 3/4 x 79 3/4,ECO600 WG XXR 71 3/4 X 79 3/4,False
ECO700 WG 71 3/4 x 79 3/4,ECO600 WGI XXR 72 X 80,False
ECO700 WG 71 3/4 x 79 3/4,ES-MX3000 WG XX 72 X 80,False
ECO700 WG 71 3/4 x 79 3/4,MG3000 WG XXR 71 3/4 X 79 3/4,False
ECO700 WG 71 3/4 x 79 3/4,MG3000 WGI XXR 72 X 80,False
ECO700 WG 71 3/4 x 79 3/4,MG3000 WG XXL 71 3/4 X 79 3/4,False
ECO700 WG 71 3/4 x 79 3/4,MG3000 WGI XXL 72 X 80,False
ECO700 WG 71 3/4 x 79 3/4,MG1500 WG XX 71 3/4 X 79 3/4,False
MG350 WG 106 X 38 1/8,MG300 WG XOX 106 X 38 1/8,False
EC HR WG 53 X 38 1/8,MG350 WG 52 7/8 X 38 1/8,False
EC HR WG 53 X 38 1/8,MG300 WG 52 7/8 X 38 1/8,False
ECO700 WG 71 3/4 x 79 3/4,ECO600 WG XXL 71 3/4 X 79 3/4,False
ECO700 WG 71 3/4 x 79 3/4,ECO600 WGI XXL 72 X 80,False
ECO700 WG 71 3/4 x 79 3/4,ECO600 WG XXR 71 3/4 X 79 3/4,False
ECO700 WG 71 3/4 x 79 3/4,ECO600 WGI XXR 72 X 80,False
ECO700 WG 71 3/4 x 79 3/4,ES-MX3000 WG XX 72 X 80,False
ECO700 WG 71 3/4 x 79 3/4,MG3000 WG XXR 71 3/4 X 79 3/4,False
ECO700 WG 71 3/4 x 79 3/4,MG3000 WGI XXR 72 X 80,False
ECO700 WG 71 3/4 x 79 3/4,MG3000 WG XXL 71 3/4 X 79 3/4,False
ECO700 WG 71 3/4 x 79 3/4,MG3000 WGI XXL 72 X 80,False
ECO700 WG 71 3/4 x 79 3/4,MG1500 WG XX 71 3/4 X 79 3/4,False
MG350 WG 106 X 38 1/8,MG300 WG XOX 106 X 38 1/8,False
EC HR WG 53 X 38 1/8,MG350 WG 52 7/8 X 38 1/8,False
EC HR WG 53 X 38 1/8,MG300 WG 52 7/8 X 38 1/8,False
ECO700 WG 71 3/4 x 79 3/4,ECO600 WG XXL 71 3/4 X 79 3/4,False
ECO700 WG 71 3/4 x 79 3/4,ECO600 WGI XXL 72 X 80,False
ECO700 WG 71 3/4 x 79 3/4,ECO600 WG XXR 71 3/4 X 79 3/4,False
ECO700 WG 71 3/4 x 79 3/4,ECO600 WGI XXR 72 X 80,False
ECO700 WG 71 3/4 x 79 3/4,ES-MX3000 WG XX 72 X 80,False
ECO700 WG 71 3/4 x 79 3/4,MG3000 WG XXR 71 3/4 X 79 3/4,False
ECO700 WG 71 3/4 x 79 3/4,MG3000 WGI XXR 72 X 80,False
ECO700 WG 71 3/4 x 79 3/4,MG3000 WG XXL 71 3/4 X 79 3/4,False
ECO700 WG 71 3/4 x 79 3/4,MG3000 WGI XXL 72 X 80,False
ECO700 WG 71 3/4 x 79 3/4,MG1500 WG XX 71 3/4 X 79 3/4,False
MG350 WG 106 X 38 1/8,MG300 WG XOX 106 X 38 1/8,False
EC HR WG 53 X 38 1/8,MG350 WG 52 7/8 X 38 1/8,False
EC HR WG 53 X 38 1/8,MG300 WG 52 7/8 X 38 1/8,False
ECO700 WG 71 3/4 x 79 3/4,ECO600 WG XXL 71 3/4 X 79 3/4,False
ECO700 WG 71 3/4 x 79 3/4,ECO600 WGI XXL 72 X 80,False
ECO700 WG 71 3/4 x 79 3/4,ECO600 WG XXR 71 3/4 X 79 3/4,False
ECO700 WG 71 3/4 x 79 3/4,ECO600 WGI XXR 72 X 80,False
ECO700 WG 71 3/4 x 79 3/4,ES-MX3000 WG XX 72 X 80,False
ECO700 WG 71 3/4 x 79 3/4,MG3000 WG XXR 71 3/4 X 79 3/4,False
ECO700 WG 71 3/4 x 79 3/4,MG3000 WGI XXR 72 X 80,False
ECO700 WG 71 3/4 x 79 3/4,MG3000 WG XXL 71 3/4 X 79 3/4,False
ECO700 WG 71 3/4 x 79 3/4,MG3000 WGI XXL 72 X 80,False
ECO700 WG 71 3/4 x 79 3/4,MG1500 WG XX 71 3/4 X 79 3/4,False
MG350 WG 106 X 38 1/8,MG300 WG XOX 106 X 38 1/8,False
EC HR WG 53 X 38 1/8,MG350 WG 52 7/8 X 38 1/8,False
EC HR WG 53 X 38 1/8,MG300 WG 52 7/8 X 38 1/8,False
ECO700 WG 71 3/4 x 79 3/4,ECO600 WG XXL 71 3/4 X 79 3/4,False
ECO700 WG 71 3/4 x 79 3/4,ECO600 WGI XXL 72 X 80,False
ECO700 WG 71 3/4 x 79 3/4,ECO600 WG XXR 71 3/4 X 79 3/4,False
ECO700 WG 71 3/4 x 79 3/4,ECO600 WGI XXR 72 X 80,False
ECO700 WG 71 3/4 x 79 3/4,ES-MX3000 WG XX 72 X 80,False
ECO700 WG 71 3/4 x 79 3/4,MG3000 WG XXR 71 3/4 X 79 3/4,False
ECO700 WG 71 3/4 x 79 3/4,MG3000 WGI XXR 72 X 80,False
ECO700 WG 71 3/4 x 79 3/4,MG3000 WG XXL 71 3/4 X 79 3/4,False
ECO700 WG 71 3/4 x 79 3/4,MG3000 WGI XXL 72 X 80,False
ECO700 WG 71 3/4 x 79 3/4,MG1500 WG XX 71 3/4 X 79 3/4,False
MG350 WG 106 X 38 1/8,MG300 WG XOX 106 X 38 1/8,False
EC HR WG 53 X 38 1/8,MG350 WG 52 7/8 X 38 1/8,False
EC HR WG 53 X 38 1/8,MG300 WG 52 7/8 X 38 1/8,False
ECO700 WG 71 3/4 x 79 3/4,ECO600 WG XXL 71 3/4 X 79 3/4,False
ECO700 WG 71 3/4 x 79 3/4,ECO600 WGI XXL 72 X 80,False
ECO700 WG 71 3/4 x 79 3/4,ECO600 WGI XXR 72 X 80,False
ECO700 WG 71 3/4 x 79 3/4,ES-MX3000 WG XX 72 X 80,False
ECO700 WG 71 3/4 x 79 3/4,MG3000 WG XXR 71 3/4 X 79 3/4,False
ECO700 WG 71 3/4 x 79 3/4,MG3000 WGI XXR 72 X 80,False
ECO700 WG 71 3/4 x 79 3/4,MG3000 WG XXL 71 3/4 X 79 3/4,False
ECO700 WG 71 3/4 x 79 3/4,MG3000 WGI XXL 72 X 80,False
ECO700 WG 71 3/4 x 79 3/4,MG1500 WG XX 71 3/4 X 79 3/4,False
MG350 WG 106 X 38 1/8,MG300 WG XOX 106 X 38 1/8,False
EC HR WG 53 X 38 1/8,MG350 WG 52 7/8 X 38 1/8,False
EC HR WG 53 X 38 1/8,MG300 WG 52 7/8 X 38 1/8,False
ECO700 WG 71 3/4 x 79 3/4,ECO600 WG XXL 71 3/4 X 79 3/4,False
ECO700 WG 71 3/4 x 79 3/4,ECO600 WGI XXL 72 X 80,False
ECO700 WG 71 3/4 x 79 3/4,ECO600 WGI XXR 72 X 80,False
ECO700 WG 71 3/4 x 79 3/4,ES-MX3000 WG XX 72 X 80,False
ECO700 WG 71 3/4 x 79 3/4,MG3000 WG XXR 71 3/4 X 79 3/4,False
ECO700 WG 71 3/4 x 79 3/4,MG3000 WGI XXR 72 X 80,False
ECO700 WG 71 3/4 x 79 3/4,MG3000 WG XXL 71 3/4 X 79 3/4,False
ECO700 WG 71 3/4 x 79 3/4,MG3000 WGI XXL 72 X 80,False
ECO700 WG 71 3/4 x 79 3/4,MG1500 WG XX 71 3/4 X 79 3/4,False
MG350 WG 106 X 38 1/8,MG300 WG XOX 106 X 38 1/8,False
EC HR WG 53 X 38 1/8,MG350 WG 52 7/8 X 38 1/8,False
EC HR WG 53 X 38 1/8,MG300 WG 52 7/8 X 38 1/8,False
ECO700 WG 71 3/4 x 79 3/4,ECO600 WG XXL 71 3/4 X 79 3/4,False
ECO700 WG 71 3/4 x 79 3/4,ECO600 WGI XXL 72 X 80,False
ECO700 WG 71 3/4 x 79 3/4,ECO600 WGI XXR 72 X 80,False
ECO700 WG 71 3/4 x 79 3/4,ES-MX3000 WG XX 72 X 80,False
ECO700 WG 71 3/4 x 79 3/4,MG3000 WG XXR 71 3/4 X 79 3/4,False
ECO700 WG 71 3/4 x 79 3/4,MG3000 WGI XXR 72 X 80,False
ECO700 WG 71 3/4 x 79 3/4,MG3000 WG XXL 71 3/4 X 79 3/4,False
ECO700 WG 71 3/4 x 79 3/4,MG3000 WGI XXL 72 X 80,False
ECO700 WG 71 3/4 x 79 3/4,MG1500 WG XX 71 3/4 X 79 3/4,False
MG350 WG 106 X 38 1/8,MG300 WG XOX 106 X 38 1/8,False
EC HR WG 53 X 38 1/8,MG350 WG 52 7/8 X 38 1/8,False
EC HR WG 53 X 38 1/8,MG300 WG 52 7/8 X 38 1/8,False
ECO700 WG 71 3/4 x 79 3/4,ECO600 WG XXL 71 3/4 X 79 3/4,False
ECO700 WG 71 3/4 x 79 3/4,ECO600 WGI XXL 72 X 80,False
ECO700 WG 71 3/4 x 79 3/4,ECO600 WGI XXR 72 X 80,False
ECO700 WG 71 3/4 x 79 3/4,ES-MX3000 WG XX 72 X 80,False
ECO700 WG 71 3/4 x 79 3/4,MG3000 WG XXR 71 3/4 X 79 3/4,False
ECO700 WG 71 3/4 x 79 3/4,MG3000 WGI XXR 72 X 80,False
ECO700 WG 71 3/4 x 79 3/4,MG3000 WG XXL 71 3/4 X 79 3/4,False
ECO700 WG 71 3/4 x 79 3/4,MG3000 WGI XXL 72 X 80,False
ECO700 WG 71 3/4 x 79 3/4,MG1500 WG XX 71 3/4 X 79 3/4,False
MG350 WG 106 X 38 1/8,MG300 WG XOX 106 X 38 1/8,False
EC HR WG 53 X 38 1/8,MG350 WG 52 7/8 X 38 1/8,False
EC HR WG 53 X 38 1/8,MG300 WG 52 7/8 X 38 1/8,False
ECO700 WG 71 3/4 x 79 3/4,ECO600 WG XXL 71 3/4 X 79 3/4,False
ECO700 WG 71 3/4 x 79 3/4,ECO600 WGI XXL 72 X 80,False
ECO700 WG 71 3/4 x 79 3/4,ECO600 WGI XXR 72 X 80,False
ECO700 WG 71 3/4 x 79 3/4,ES-MX3000 WG XX 72 X 80,False
ECO700 WG 71 3/4 x 79 3/4,MG3000 WG XXR 71 3/4 X 79 3/4,False
ECO700 WG 71 3/4 x 79 3/4,MG3000 WGI XXR 72 X 80,False
ECO700 WG 71 3/4 x 79 3/4,MG3000 WG XXL 71 3/4 X 79 3/4,False
ECO700 WG 71 3/4 x 79 3/4,MG3000 WGI XXL 72 X 80,False
ECO700 WG 71 3/4 x 79 3/4,MG1500 WG XX 71 3/4 X 79 3/4,False
MG350 WG 106 X 38 1/8,MG300 WG XOX 106 X 38 1/8,False
EC HR WG 53 X 38 1/8,MG350 WG 52 7/8 X 38 1/8,False
EC HR WG 53 X 38 1/8,MG300 WG 52 7/8 X 38 1/8,False
ECO700 WG 71 3/4 x 79 3/4,ECO600 WG XXL 71 3/4 X 79 3/4,False
ECO700 WG 71 3/4 x 79 3/4,ECO600 WGI XXL 72 X 80,False
ECO700 WG 71 3/4 x 79 3/4,ECO600 WGI XXR 72 X 80,False
ECO700 WG 71 3/4 x 79 3/4,ES-MX3000 WG XX 72 X 80,False
ECO700 WG 71 3/4 x 79 3/4,MG3000 WG XXR 71 3/4 X 79 3/4,False
ECO700 WG 71 3/4 x 79 3/4,MG3000 WGI XXR 72 X 80,False
ECO700 WG 71 3/4 x 79 3/4,MG3000 WG XXL 71 3/4 X 79 3/4,False
ECO700 WG 71 3/4 x 79 3/4,MG3000 WGI XXL 72 X 80,False
ECO700 WG 71 3/4 x 79 3/4,MG1500 WG XX 71 3/4 X 79 3/4,False
MG350 WG 106 X 38 1/8,MG300 WG XOX 106 X 38 1/8,False
EC HR WG 53 X 38 1/8,MG350 WG 52 7/8 X 38 1/8,False
EC HR WG 53 X 38 1/8,MG300 WG 52 7/8 X 38 1/8,False
ECO700 WG 71 3/4 x 79 3/4,ECO600 WG XXL 71 3/4 X 79 3/4,False
ECO700 WG 71 3/4 x 79 3/4,ECO600 WGI XXL 72 X 80,False
ECO700 WG 71 3/4 x 79 3/4,ECO600 WGI XXR 72 X 80,False
ECO700 WG 71 3/4 x 79 3/4,ES-MX3000 WG XX 72 X 80,False
ECO700 WG 71 3/4 x 79 3/4,MG3000 WG XXR 71 3/4 X 79 3/4,False
ECO700 WG 71 3/4 x 79 3/4,MG3000 WGI XXR 72 X 80,False
ECO700 WG 71 3/4 x 79 3/4,MG3000 WG XXL 71 3/4 X 79 3/4,False
ECO700 WG 71 3/4 x 79 3/4,MG3000 WGI XXL 72 X 80,False
ECO700 WG 71 3/4 x 79 3/4,MG1500 WG XX 71 3/4 X 79 3/4,False
MG350 WG 106 X 38 1/8,MG300 WG XOX 106 X 38 1/8,False
EC HR WG 53 X 38 1/8,MG350 WG 52 7/8 X 38 1/8,False
EC HR WG 53 X 38 1/8,MG300 WG 52 7/8 X 38 1/8,False
ECO700 WG 71 3/4 x 79 3/4,ECO600 WG XXL 71 3/4 X 79 3/4,False
ECO700 WG 71 3/4 x 79 3/4,ECO600 WGI XXL 72 X 80,False
ECO700 WG 71 3/4 x 79 3/4,ECO600 WGI XXR 72 X 80,False
ECO700 WG 71 3/4 x 79 3/4,ES-MX3000 WG XX 72 X 80,False
ECO700 WG 71 3/4 x 79 3/4,MG3000 WG XXR 71 3/4 X 79 3/4,False
ECO700 WG 71 3/4 x 79 3/4,MG3000 WGI XXR 72 X 80,False
ECO700 WG 71 3/4 x 79 3/4,MG3000 WG XXL 71 3/4 X 79 3/4,False
ECO700 WG 71 3/4 x 79 3/4,MG3000 WGI XXL 72 X 80,False
ECO700 WG 71 3/4 x 79 3/4,MG1500 WG XX 71 3/4 X 79 3/4,False
MG350 WG 106 X 38 1/8,MG300 WG XOX 106 X 38 1/8,False
EC HR WG 53 X 38 1/8,MG350 WG 52 7/8 X 38 1/8,False
EC HR WG 53 X 38 1/8,MG300 WG 52 7/8 X 38 1/8,False
ECO700 WG 71 3/4 x 79 3/4,ECO600 WG XXL 71 3/4 X 79 3/4,False
ECO700 WG 71 3/4 x 79 3/4,ECO600 WGI XXL 72 X 80,False
ECO700 WG 71 3/4 x 79 3/4,ECO600 WGI XXR 72 X 80,False
ECO700 WG 71 3/4 x 79 3/4,ES-MX3000 WG XX 72 X 80,False
ECO700 WG 71 3/4 x 79 3/4,MG3000 WG XXR 71 3/4 X 79 3/4,False
ECO700 WG 71 3/4 x 79 3/4,MG3000 WGI XXR 72 X 80,False
ECO700 WG 71 3/4 x 79 3/4,MG3000 WG XXL 71 3/4 X 79 3/4,False
ECO700 WG 71 3/4 x 79 3/4,MG3000 WGI XXL 72 X 80,False
ECO700 WG 71 3/4 x 79 3/4,MG1500 WG XX 71 3/4 X 79 3/4,False
MG350 WG 106 X 38 1/8,MG300 WG XOX 106 X 38 1/8,False
EC HR WG 53 X 38 1/8,MG350 WG 52 7/8 X 38 1/8,False
EC HR WG 53 X 38 1/8,MG300 WG 52 7/8 X 38 1/8,False
ECO700 WG 71 3/4 x 79 3/4,ECO600 WG XXL 71 3/4 X 79 3/4,False
ECO700 WG 71 3/4 x 79 3/4,ECO600 WGI XXL 72 X 80,False
ECO700 WG 71 3/4 x 79 3/4,ECO600 WGI XXR 72 X 80,False
ECO700 WG 71 3/4 x 79 3/4,ES-MX3000 WG XX 72 X 80,False
ECO700 WG 71 3/4 x 79 3/4,MG3000 WG XXR 71 3/4 X 79 3/4,False
ECO700 WG 71 3/4 x 79 3/4,MG3000 WGI XXR 72 X 80,False
ECO700 WG 71 3/4 x 79 3/4,MG3000 WG XXL 71 3/4 X 79 3/4,False
ECO700 WG 71 3/4 x 79 3/4,MG3000 WGI XXL 72 X 80,False
ECO700 WG 71 3/4 x 79 3/4,MG1500 WG XX 71 3/4 X 79 3/4,False
MG350 WG 106 X 38 1/8,MG300 WG XOX 106 X 38 1/8,False
EC HR WG 53 X 38 1/8,MG350 WG 52 7/8 X 38 1/8,False
EC HR WG 53 X 38 1/8,MG300 WG 52 7/8 X 38 1/8,False
ECO700 WG 71 3/4 x 79 3/4,ECO600 WG XXL 71 3/4 X 79 3/4,False
ECO700 WG 71 3/4 x 79 3/4,ECO600 WGI XXL 72 X 80,False
ECO700 WG 71 3/4 x 79 3/4,ECO600 WGI XXR 72 X 80,False
ECO700 WG 71 3/4 x 79 3/4,ES-MX3000 WG XX 72 X 80,False
ECO700 WG 71 3/4 x 79 3/4,MG3000 WG XXR 71 3/4 X 79 3/4,False
ECO700 WG 71 3/4 x 79 3/4,MG3000 WGI XXR 72 X 80,False
ECO700 WG 71 3/4 x 79 3/4,MG3000 WG XXL 71 3/4 X 79 3/4,False
ECO700 WG 71 3/4 x 79 3/4,MG3000 WGI XXL 72 X 80,False
ECO700 WG 71 3/4 x 79 3/4,MG1500 WG XX 71 3/4 X 79 3/4,False
MG350 WG 106 X 38 1/8,MG300 WG XOX 106 X 38 1/8,False
EC HR WG 53 X 38 1/8,MG350 WG 52 7/8 X 38 1/8,False
EC HR WG 53 X 38 1/8,MG300 WG 52 7/8 X 38 1/8,False
ECO700 WG 71 3/4 x 79 3/4,ECO600 WG XXL 71 3/4 X 79 3/4,False
ECO700 WG 71 3/4 x 79 3/4,ECO600 WGI XXL 72 X 80,False
ECO700 WG 71 3/4 x 79 3/4,ECO600 WGI XXR 72 X 80,False
ECO700 WG 71 3/4 x 79 3/4,ES-MX3000 WG XX 72 X 80,False
ECO700 WG 71 3/4 x 79 3/4,MG3000 WG XXR 71 3/4 X 79 3/4,False
ECO700 WG 71 3/4 x 79 3/4,MG3000 WGI XXR 72 X 80,False
ECO700 WG 71 3/4 x 79 3/4,MG3000 WG XXL 71 3/4 X 79 3/4,False
ECO700 WG 71 3/4 x 79 3/4,MG3000 WGI XXL 72 X 80,False
ECO700 WG 71 3/4 x 79 3/4,MG1500 WG XX 71 3/4 X 79 3/4,False
MG350 WG 106 X 38 1/8,MG300 WG XOX 106 X 38 1/8,False
EC HR WG 53 X 38 1/8,MG350 WG 52 7/8 X 38 1/8,False
EC HR WG 53 X 38 1/8,MG300 WG 52 7/8 X 38 1/8,False
ECO700 WG 71 3/4 x 79 3/4,ECO600 WG XXL 71 3/4 X 79 3/4,False
ECO700 WG 71 3/4 x 79 3/4,ECO600 WGI XXL 72 X 80,False
ECO700 WG 71 3/4 x 79 3/4,ECO600 WGI XXR 72 X 80,False
ECO700 WG 71 3/4 x 79 3/4,ES-MX3000 WG XX 72 X 80,False
ECO700 WG 71 3/4 x 79 3/4,MG3000 WG XXR 71 3/4 X 79 3/4,False
ECO700 WG 71 3/4 x 79 3/4,MG3000 WGI XXR 72 X 80,False
ECO700 WG 71 3/4 x 79 3/4,MG3000 WG XXL 71 3/4 X 79 3/4,False
ECO700 WG 71 3/4 x 79 3/4,MG3000 WGI XXL 72 X 80,False
ECO700 WG 71 3/4 x 79 3/4,MG1500 WG XX 71 3/4 X 79 3/4,False
MG350 WG 106 X 38 1/8,MG300 WG XOX 106 X 38 1/8,False
MG350 WG 106 X 38 1/8,MG300 WG XOX 106 X 38 1/8,False
MG350 WG 106 X 38 1/8,MG300 WG XOX 106 X 38 1/8,False
MG350 WG 106 X 38 1/8,MG300 WG XOX 106 X 38 1/8,False
MG350 WG 106 X 38 1/8,MG300 WG XOX 106 X 38 1/8,False
MG350 WG 106 X 38 1/8,MG300 WG XOX 106 X 38 1/8,False
MG350 WG 106 X 38 1/8,MG300 WG XOX 106 X 38 1/8,False
MG350 WG 106 X 38 1/8,MG300 WG XOX 106 X 38 1/8,False
MG350 WG 106 X 38 1/8,MG300 WG XOX 106 X 38 1/8,False
MG600 WG 36 3/4 X 50 3/8,MG350 WG 36 3/4 X 50 3/8,False
MG600 WG 36 3/4 X 50 3/8,MG300 WG 36 3/4 X 50 3/8,False
MG350 WG 106 X 38 1/8,MG300 WG XOX 106 X 38 1/8,False
MG600 WG 36 3/4 X 50 3/8,MG350 WG 36 3/4 X 50 3/8,False
MG600 WG 36 3/4 X 50 3/8,MG300 WG 36 3/4 X 50 3/8,False
MG350 WG 106 X 38 1/8,MG300 WG XOX 106 X 38 1/8,False
MG600 WG 36 3/4 X 50 3/8,MG350 WG 36 3/4 X 50 3/8,False
MG600 WG 36 3/4 X 50 3/8,MG300 WG 36 3/4 X 50 3/8,False
MG350 WG 106 X 38 1/8,MG300 WG XOX 106 X 38 1/8,False
MG600 WG 36 3/4 X 50 3/8,MG350 WG 36 3/4 X 50 3/8,False
MG600 WG 36 3/4 X 50 3/8,MG300 WG 36 3/4 X 50 3/8,False
MG350 WG 106 X 38 1/8,MG300 WG XOX 106 X 38 1/8,False
MG600 WG 36 3/4 X 50 3/8,MG350 WG 36 3/4 X 50 3/8,False
MG600 WG 36 3/4 X 50 3/8,MG300 WG 36 3/4 X 50 3/8,False
MG350 WG 106 X 38 1/8,MG300 WG XOX 106 X 38 1/8,False
MG600 WG 36 3/4 X 50 3/8,MG350 WG 36 3/4 X 50 3/8,False
MG600 WG 36 3/4 X 50 3/8,MG300 WG 36 3/4 X 50 3/8,False
MG350 WG 106 X 38 1/8,MG300 WG XOX 106 X 38 1/8,False
MG600 WG 36 3/4 X 50 3/8,MG350 WG 36 3/4 X 50 3/8,False
MG600 WG 36 3/4 X 50 3/8,MG300 WG 36 3/4 X 50 3/8,False
MG350 WG 106 X 38 1/8,MG300 WG XOX 106 X 38 1/8,False
MG600 WG 36 3/4 X 50 3/8,MG350 WG 36 3/4 X 50 3/8,False
MG600 WG 36 3/4 X 50 3/8,MG300 WG 36 3/4 X 50 3/8,False
MG350 WG 106 X 38 1/8,MG300 WG XOX 106 X 38 1/8,False
MG600 WG 36 3/4 X 50 3/8,MG350 WG 36 3/4 X 50 3/8,False
MG600 WG 36 3/4 X 50 3/8,MG300 WG 36 3/4 X 50 3/8,False
MG350 WG 106 X 38 1/8,MG300 WG XOX 106 X 38 1/8,False
MG600 WG 36 3/4 X 50 3/8,MG350 WG 36 3/4 X 50 3/8,False
MG600 WG 36 3/4 X 50 3/8,MG300 WG 36 3/4 X 50 3/8,False
MG350 WG 106 X 38 1/8,MG300 WG XOX 106 X 38 1/8,False
MG600 WG 36 3/4 X 50 3/8,MG350 WG 36 3/4 X 50 3/8,False
MG600 WG 36 3/4 X 50 3/8,MG300 WG 36 3/4 X 50 3/8,False
MG350 WG 106 X 38 1/8,MG300 WG XOX 106 X 38 1/8,False
MG600 WG 36 3/4 X 50 3/8,MG350 WG 36 3/4 X 50 3/8,False
MG600 WG 36 3/4 X 50 3/8,MG300 WG 36 3/4 X 50 3/8,False
MG350 WG 106 X 38 1/8,MG300 WG XOX 106 X 38 1/8,False
MG600 WG 36 3/4 X 50 3/8,MG350 WG 36 3/4 X 50 3/8,False
MG600 WG 36 3/4 X 50 3/8,MG300 WG 36 3/4 X 50 3/8,False
ECO60 BG 52 7/8 X 50 3/8,ECO200 BG 52 7/8 X 50 3/8,False
ECO60 BG 52 7/8 X 50 3/8,MG300 BG 52 7/8 X 50 3/8,False
ECO60 BG 52 7/8 X 50 3/8,MG350 BG 52 7/8 X 50 3/8,False
EC HR WG 53 X 38 1/8,MG350 WG 52 7/8 X 38 1/8,False
EC HR WG 53 X 38 1/8,MG300 WG 52 7/8 X 38 1/8,False
ECO600 BGI XL 35 X 81,ECO600 BGI XL 33 X 81,False
ECO600 BGI XL 35 X 81,ECO600 BGI XR 35 X 81,False
ECO600 BGI XL 35 X 81,ECO600 BGI XR 33 X 81,False
ECO600 BGI XL 35 X 81,ECO600 BGI XR 38 X 81,False
ECO600 BGI XL 35 X 81,ECO600 BGI XL 38 X 81,False
ECO600 BGI XL 35 X 81,MG3000 BGI XR 33 X 81,False
ECO600 BGI XL 35 X 81,MG3000 BGI XR 35 X 81,False
ECO600 BGI XL 35 X 81,MG3000 BG XR 37 X 80,False
ECO600 BGI XL 35 X 81,MG3000 BGI XL 35 X 81,False
ECO600 BGI XL 35 X 81,MG3000 BGI XL 33 X 81,False
ECO600 BGI XL 35 X 81,MG3000 BGI XL 38 X 81,False
ECO600 BGI XL 35 X 81,MG3000 BGI XR 38 X 81,False
MG600 WG 36 3/4 X 50 3/8,MG350 WG 36 3/4 X 50 3/8,False
MG600 WG 36 3/4 X 50 3/8,MG300 WG 36 3/4 X 50 3/8,False
ECO200 BG 105 X 63,MG300 BG XOX 106 X 62 3/4,False
MG300 BG 73 3/4 X 38 1/8,ECO70 BG FIXED 72 1/2 X 35 1/2,False
MG300 BG 73 3/4 X 38 1/8,ECO60 BG 73 3/4 X 38 1/8,False
MG300 BG 73 3/4 X 38 1/8,MG350 BG 73 3/4 X 38 1/8,False
MG300 BG 73 3/4 X 38 1/8,ECO70 BG FIXED 72 1/2 X 35 1/2,False
MG300 BG 73 3/4 X 38 1/8,ECO60 BG 73 3/4 X 38 1/8,False
MG300 BG 73 3/4 X 38 1/8,MG350 BG 73 3/4 X 38 1/8,False
MG350 SH WG 37.0 X 38.0,MG600 WG 36 3/4 X 38 1/8,False
MG350 SH WG 37.0 X 38.0,ECO60 WGI 36 3/4 X 38 1/8,False
MG350 SH WG 37.0 X 38.0,MG300 WGI 36 3/4 X 38 1/8,False
MG350 SH WG 37.0 X 38.0,MG300 WG 36 3/4 X 38 1/8,False
MG350 SH WG 37.0 X 38.0,MG350 WGI 36 3/4 X 38 1/8,False
MG350 SH WG 37.0 X 38.0,MG200 WG 36 3/4 X 38 1/8,False
MG350 WG 37.0 X 38.0,MG600 WG 36 3/4 X 38 1/8,False
MG350 WG 37.0 X 38.0,ECO60 WGI 36 3/4 X 38 1/8,False
MG350 WG 37.0 X 38.0,MG300 WGI 36 3/4 X 38 1/8,False
MG350 WG 37.0 X 38.0,MG300 WG 36 3/4 X 38 1/8,False
MG350 WG 37.0 X 38.0,MG350 WGI 36 3/4 X 38 1/8,False
MG350 WG 37.0 X 38.0,MG200 WG 36 3/4 X 38 1/8,False
MG350 WG 37.0 X 38.0,MG600 WG 36 3/4 X 38 1/8,False
MG350 WG 37.0 X 38.0,ECO60 WGI 36 3/4 X 38 1/8,False
MG350 WG 37.0 X 38.0,MG300 WGI 36 3/4 X 38 1/8,False
MG350 WG 37.0 X 38.0,MG300 WG 36 3/4 X 38 1/8,False
MG350 WG 37.0 X 38.0,MG350 WGI 36 3/4 X 38 1/8,False
MG350 WG 37.0 X 38.0,MG200 WG 36 3/4 X 38 1/8,False
MG3000 WGI 38.0 X 80.0,ECO600 WGI XR 35 X 81,False
MG3000 WGI 38.0 X 80.0,ECO600 WGI XL 35 X 81,False
MG3000 WGI 38.0 X 80.0,ECO600 WGI XL 38 X 81,False
MG3000 WGI 38.0 X 80.0,ECO600 WGI XL 39 X 81 1/2,False
MG3000 WGI 38.0 X 80.0,ECO600 WGI XR 38 1/2 X 81 1/2,False
MG3000 WGI 38.0 X 80.0,ECO600 WGI XR 38 X 81,False
MG3000 WGI 38.0 X 80.0,MG3000 WG XL 37 X 80,False
MG3000 WGI 38.0 X 80.0,MG3000 WGI XR 38 1/2 X 81 1/2,False
MG3000 WGI 38.0 X 80.0,MG3000 WGI XL 35 X 81,False
MG3000 WGI 38.0 X 80.0,MG3000 WG XR 37 X 80,False
MG3000 WGI 38.0 X 80.0,MG3000 WGI XR 39 X 81 1/2,False
MG3000 WGI 38.0 X 80.0,ECO600 WGI XL 38 1/2 X 81 1/2,False
MG3000 WGI 38.0 X 80.0,MG3000 WGI XR 35 X 81,False
MG3000 WGI 38.0 X 80.0,MG3000 WGI XL 38 1/2 X 81 1/2,False
MG350 WGI 27.0 X 25.0,MG350 WGI 26 1/4 X 25 3/4,False
MG350 WGI 27.0 X 25.0,MG300 WGI 26 1/4 X 25 3/4,False
MG3000 WG 72.0 X 80.0,ECO600 WG XXL 71 3/4 X 79 3/4,False
MG3000 WG 72.0 X 80.0,ECO600 WGI XXL 72 X 80,False
MG3000 WG 72.0 X 80.0,ECO600 WGI XXR 72 X 80,False
MG3000 WG 72.0 X 80.0,ES-MX3000 WG XX 72 X 80,False
MG3000 WG 72.0 X 80.0,MG3000 WGI XXL 75 X 81,False
MG3000 WG 72.0 X 80.0,MG3000 WG XXR 71 3/4 X 79 3/4,False
MG3000 WG 72.0 X 80.0,MG3000 WGI XXR 72 X 80,False
MG3000 WG 72.0 X 80.0,MG3000 WG XXL 71 3/4 X 79 3/4,False
MG3000 WG 72.0 X 80.0,MG3000 WGI XXL 72 X 80,False
MG3000 WG 72.0 X 80.0,MG1500 WG XX 71 3/4 X 79 3/4,False
MG350 WG 37.0 X 38.0,MG600 WG 36 3/4 X 38 1/8,False
MG350 WG 37.0 X 38.0,ECO60 WGI 36 3/4 X 38 1/8,False
MG350 WG 37.0 X 38.0,MG300 WGI 36 3/4 X 38 1/8,False
MG350 WG 37.0 X 38.0,MG300 WG 36 3/4 X 38 1/8,False
MG350 WG 37.0 X 38.0,MG350 WGI 36 3/4 X 38 1/8,False
MG350 WG 37.0 X 38.0,MG200 WG 36 3/4 X 38 1/8,False
MG3000 WGI 38.0 X 80.0,ECO600 WGI XR 35 X 81,False
MG3000 WGI 38.0 X 80.0,ECO600 WGI XL 35 X 81,False
MG3000 WGI 38.0 X 80.0,ECO600 WGI XL 38 X 81,False
MG3000 WGI 38.0 X 80.0,ECO600 WGI XL 39 X 81 1/2,False
MG3000 WGI 38.0 X 80.0,ECO600 WGI XR 38 1/2 X 81 1/2,False
MG3000 WGI 38.0 X 80.0,ECO600 WGI XR 38 X 81,False
MG3000 WGI 38.0 X 80.0,MG3000 WG XL 37 X 80,False
MG3000 WGI 38.0 X 80.0,MG3000 WGI XR 38 1/2 X 81 1/2,False
MG3000 WGI 38.0 X 80.0,MG3000 WGI XL 35 X 81,False
MG3000 WGI 38.0 X 80.0,MG3000 WG XR 37 X 80,False
MG3000 WGI 38.0 X 80.0,MG3000 WGI XR 39 X 81 1/2,False
MG3000 WGI 38.0 X 80.0,ECO600 WGI XL 38 1/2 X 81 1/2,False
MG3000 WGI 38.0 X 80.0,MG3000 WGI XR 35 X 81,False
MG3000 WGI 38.0 X 80.0,MG3000 WGI XL 38 1/2 X 81 1/2,False
MG350 WGI 27.0 X 25.0,MG350 WGI 26 1/4 X 25 3/4,False
MG350 WGI 27.0 X 25.0,MG300 WGI 26 1/4 X 25 3/4,False
MG3000 WG 72.0 X 80.0,ECO600 WG XXL 71 3/4 X 79 3/4,False
MG3000 WG 72.0 X 80.0,ECO600 WGI XXL 72 X 80,False
MG3000 WG 72.0 X 80.0,ECO600 WGI XXR 72 X 80,False
MG3000 WG 72.0 X 80.0,ES-MX3000 WG XX 72 X 80,False
MG3000 WG 72.0 X 80.0,MG3000 WGI XXL 75 X 81,False
MG3000 WG 72.0 X 80.0,MG3000 WG XXR 71 3/4 X 79 3/4,False
MG3000 WG 72.0 X 80.0,MG3000 WGI XXR 72 X 80,False
MG3000 WG 72.0 X 80.0,MG3000 WG XXL 71 3/4 X 79 3/4,False
MG3000 WG 72.0 X 80.0,MG3000 WGI XXL 72 X 80,False
MG3000 WG 72.0 X 80.0,MG1500 WG XX 71 3/4 X 79 3/4,False
ECO600 WG XXL 71 3/4 X 79 3/4,ECO600 WGI XXL 72 X 80,False
ECO600 WG XXL 71 3/4 X 79 3/4,ECO600 WGI XXR 72 X 80,False
ECO600 WG XXL 71 3/4 X 79 3/4,ES-MX3000 WG XX 72 X 80,False
ECO600 WG XXL 71 3/4 X 79 3/4,MG3000 WG XXR 71 3/4 X 79 3/4,False
ECO600 WG XXL 71 3/4 X 79 3/4,MG3000 WGI XXR 72 X 80,False
ECO600 WG XXL 71 3/4 X 79 3/4,MG3000 WG XXL 71 3/4 X 79 3/4,False
ECO600 WG XXL 71 3/4 X 79 3/4,MG3000 WGI XXL 72 X 80,False
ECO600 WG XXL 71 3/4 X 79 3/4,MG1500 WG XX 71 3/4 X 79 3/4,False
ECO600 WG XXL 71 3/4 X 79 3/4,ECO600 WGI XXL 72 X 80,False
ECO600 WG XXL 71 3/4 X 79 3/4,ECO600 WGI XXR 72 X 80,False
ECO600 WG XXL 71 3/4 X 79 3/4,ES-MX3000 WG XX 72 X 80,False
ECO600 WG XXL 71 3/4 X 79 3/4,MG3000 WG XXR 71 3/4 X 79 3/4,False
ECO600 WG XXL 71 3/4 X 79 3/4,MG3000 WGI XXR 72 X 80,False
ECO600 WG XXL 71 3/4 X 79 3/4,MG3000 WG XXL 71 3/4 X 79 3/4,False
ECO600 WG XXL 71 3/4 X 79 3/4,MG3000 WGI XXL 72 X 80,False
ECO600 WG XXL 71 3/4 X 79 3/4,MG1500 WG XX 71 3/4 X 79 3/4,False
MG350 WG 37.0 X 38.0,MG600 WG 36 3/4 X 38 1/8,False
MG350 WG 37.0 X 38.0,MG300 WGI 36 3/4 X 38 1/8,False
MG350 WG 37.0 X 38.0,MG300 WG 36 3/4 X 38 1/8,False
MG350 WG 37.0 X 38.0,MG350 WGI 36 3/4 X 38 1/8,False
MG350 WG 37.0 X 38.0,MG200 WG 36 3/4 X 38 1/8,False
MG350 WG 37.0 X 38.0,ECO60 WGI 36 3/4 X 38 1/8,False
MG350 WG 37.0 X 38.0,MG600 WG 36 3/4 X 38 1/8,False
MG350 WG 37.0 X 38.0,MG300 WGI 36 3/4 X 38 1/8,False
MG350 WG 37.0 X 38.0,MG300 WG 36 3/4 X 38 1/8,False
MG350 WG 37.0 X 38.0,MG350 WGI 36 3/4 X 38 1/8,False
MG350 WG 37.0 X 38.0,MG200 WG 36 3/4 X 38 1/8,False
MG350 WG 37.0 X 38.0,ECO60 WGI 36 3/4 X 38 1/8,False
MG3000 WGI 38.0 X 80.0,MG3000 WG XL 37 X 80,False
MG3000 WGI 38.0 X 80.0,MG3000 WGI XR 38 1/2 X 81 1/2,False
MG3000 WGI 38.0 X 80.0,MG3000 WG XR 37 X 80,False
MG3000 WGI 38.0 X 80.0,MG3000 WGI XL 35 X 81,False
MG3000 WGI 38.0 X 80.0,MG3000 WGI XR 39 X 81 1/2,False
MG3000 WGI 38.0 X 80.0,MG3000 WGI XR 35 X 81,False
MG3000 WGI 38.0 X 80.0,MG3000 WGI XL 38 1/2 X 81 1/2,False
MG3000 WGI 38.0 X 80.0,ECO600 WGI XR 35 X 81,False
MG3000 WGI 38.0 X 80.0,ECO600 WGI XL 35 X 81,False
MG3000 WGI 38.0 X 80.0,ECO600 WGI XL 38 X 81,False
MG3000 WGI 38.0 X 80.0,ECO600 WGI XL 39 X 81 1/2,False
MG3000 WGI 38.0 X 80.0,ECO600 WGI XR 38 1/2 X 81 1/2,False
MG3000 WGI 38.0 X 80.0,ECO600 WGI XR 38 X 81,False
MG3000 WGI 38.0 X 80.0,ECO600 WGI XL 38 1/2 X 81 1/2,False
MG350 WGI 27.0 X 25.0,MG350 WGI 26 1/4 X 25 3/4,False
MG350 WGI 27.0 X 25.0,MG300 WGI 26 1/4 X 25 3/4,False
MG3000 WG 72.0 X 80.0,MG3000 WGI XXL 75 X 81,False
MG3000 WG 72.0 X 80.0,MG3000 WG XXR 71 3/4 X 79 3/4,False
MG3000 WG 72.0 X 80.0,MG3000 WGI XXR 72 X 80,False
MG3000 WG 72.0 X 80.0,MG3000 WG XXL 71 3/4 X 79 3/4,False
MG3000 WG 72.0 X 80.0,MG3000 WGI XXL 72 X 80,False
MG3000 WG 72.0 X 80.0,MG1500 WG XX 71 3/4 X 79 3/4,False
MG3000 WG 72.0 X 80.0,ECO600 WG XXL 71 3/4 X 79 3/4,False
MG3000 WG 72.0 X 80.0,ECO600 WGI XXL 72 X 80,False
MG3000 WG 72.0 X 80.0,ECO600 WGI XXR 72 X 80,False
MG3000 WG 72.0 X 80.0,ES-MX3000 WG XX 72 X 80,False
MG3000 WG XL 37 X 80,MG3000 WGI XR 38 1/2 X 81 1/2,False
MG3000 WG XL 37 X 80,MG3000 WG XR 37 X 80,False
MG3000 WG XL 37 X 80,MG3000 WGI XL 35 X 81,False
MG3000 WG XL 37 X 80,MG3000 WGI XR 39 X 81 1/2,False
MG3000 WG XL 37 X 80,MG3000 WGI XR 35 X 81,False
MG3000 WG XL 37 X 80,MG3000 WGI XL 38 1/2 X 81 1/2,False
MG3000 WG XL 37 X 80,ECO600 WGI XR 35 X 81,False
MG3000 WG XL 37 X 80,ECO600 WGI XL 35 X 81,False
MG3000 WG XL 37 X 80,ECO600 WGI XL 38 X 81,False
MG3000 WG XL 37 X 80,ECO600 WGI XL 39 X 81 1/2,False
MG3000 WG XL 37 X 80,ECO600 WGI XR 38 1/2 X 81 1/2,False
MG3000 WG XL 37 X 80,ECO600 WGI XR 38 X 81,False
MG3000 WG XL 37 X 80,ECO600 WGI XL 38 1/2 X 81 1/2,False
MG3000 WG XL 37 X 80,MG3000 WGI XR 38 1/2 X 81 1/2,False
MG3000 WG XL 37 X 80,MG3000 WG XR 37 X 80,False
MG3000 WG XL 37 X 80,MG3000 WGI XL 35 X 81,False
MG3000 WG XL 37 X 80,MG3000 WGI XR 39 X 81 1/2,False
MG3000 WG XL 37 X 80,MG3000 WGI XR 35 X 81,False
MG3000 WG XL 37 X 80,MG3000 WGI XL 38 1/2 X 81 1/2,False
MG3000 WG XL 37 X 80,ECO600 WGI XR 35 X 81,False
MG3000 WG XL 37 X 80,ECO600 WGI XL 35 X 81,False
MG3000 WG XL 37 X 80,ECO600 WGI XL 38 X 81,False
MG3000 WG XL 37 X 80,ECO600 WGI XL 39 X 81 1/2,False
MG3000 WG XL 37 X 80,ECO600 WGI XR 38 1/2 X 81 1/2,False
MG3000 WG XL 37 X 80,ECO600 WGI XR 38 X 81,False
MG3000 WG XL 37 X 80,ECO600 WGI XL 38 1/2 X 81 1/2,False
MG3000 WG XL 37 X 80,MG3000 WGI XR 38 1/2 X 81 1/2,False
MG3000 WG XL 37 X 80,MG3000 WG XR 37 X 80,False
MG3000 WG XL 37 X 80,MG3000 WGI XL 35 X 81,False
MG3000 WG XL 37 X 80,MG3000 WGI XR 39 X 81 1/2,False
MG3000 WG XL 37 X 80,MG3000 WGI XR 35 X 81,False
MG3000 WG XL 37 X 80,MG3000 WGI XL 38 1/2 X 81 1/2,False
MG3000 WG XL 37 X 80,ECO600 WGI XR 35 X 81,False
MG3000 WG XL 37 X 80,ECO600 WGI XL 35 X 81,False
MG3000 WG XL 37 X 80,ECO600 WGI XL 38 X 81,False
MG3000 WG XL 37 X 80,ECO600 WGI XL 39 X 81 1/2,False
MG3000 WG XL 37 X 80,ECO600 WGI XR 38 1/2 X 81 1/2,False
MG3000 WG XL 37 X 80,ECO600 WGI XR 38 X 81,False
MG3000 WG XL 37 X 80,ECO600 WGI XL 38 1/2 X 81 1/2,False
MG350 WGI 26 1/4 X 25 3/4,MG300 WGI 26 1/4 X 25 3/4,False
MG3000 WG XL 37 X 80,MG3000 WGI XR 38 1/2 X 81 1/2,False
MG3000 WG XL 37 X 80,MG3000 WG XR 37 X 80,False
MG3000 WG XL 37 X 80,MG3000 WGI XL 35 X 81,False
MG3000 WG XL 37 X 80,MG3000 WGI XR 39 X 81 1/2,False
MG3000 WG XL 37 X 80,MG3000 WGI XR 35 X 81,False
MG3000 WG XL 37 X 80,MG3000 WGI XL 38 1/2 X 81 1/2,False
MG3000 WG XL 37 X 80,ECO600 WGI XR 35 X 81,False
MG3000 WG XL 37 X 80,ECO600 WGI XL 35 X 81,False
MG3000 WG XL 37 X 80,ECO600 WGI XL 38 X 81,False
MG3000 WG XL 37 X 80,ECO600 WGI XL 39 X 81 1/2,False
MG3000 WG XL 37 X 80,ECO600 WGI XR 38 1/2 X 81 1/2,False
MG3000 WG XL 37 X 80,ECO600 WGI XR 38 X 81,False
MG3000 WG XL 37 X 80,ECO600 WGI XL 38 1/2 X 81 1/2,False
MG350 WGI 26 1/4 X 25 3/4,MG300 WGI 26 1/4 X 25 3/4,False
MG3000 WG XL 37 X 80,MG3000 WGI XR 38 1/2 X 81 1/2,False
MG3000 WG XL 37 X 80,MG3000 WG XR 37 X 80,False
MG3000 WG XL 37 X 80,MG3000 WGI XL 35 X 81,False
MG3000 WG XL 37 X 80,MG3000 WGI XR 39 X 81 1/2,False
MG3000 WG XL 37 X 80,MG3000 WGI XR 35 X 81,False
MG3000 WG XL 37 X 80,MG3000 WGI XL 38 1/2 X 81 1/2,False
MG3000 WG XL 37 X 80,ECO600 WGI XR 35 X 81,False
MG3000 WG XL 37 X 80,ECO600 WGI XL 35 X 81,False
MG3000 WG XL 37 X 80,ECO600 WGI XL 38 X 81,False
MG3000 WG XL 37 X 80,ECO600 WGI XL 39 X 81 1/2,False
MG3000 WG XL 37 X 80,ECO600 WGI XR 38 1/2 X 81 1/2,False
MG3000 WG XL 37 X 80,ECO600 WGI XR 38 X 81,False
MG3000 WG XL 37 X 80,ECO600 WGI XL 38 1/2 X 81 1/2,False
MG350 WGI 26 1/4 X 25 3/4,MG300 WGI 26 1/4 X 25 3/4,False
MG3000 WG XL 37 X 80,MG3000 WGI XR 38 1/2 X 81 1/2,False
MG3000 WG XL 37 X 80,MG3000 WG XR 37 X 80,False
MG3000 WG XL 37 X 80,MG3000 WGI XL 35 X 81,False
MG3000 WG XL 37 X 80,MG3000 WGI XR 39 X 81 1/2,False
MG3000 WG XL 37 X 80,MG3000 WGI XR 35 X 81,False
MG3000 WG XL 37 X 80,MG3000 WGI XL 38 1/2 X 81 1/2,False
MG3000 WG XL 37 X 80,ECO600 WGI XR 35 X 81,False
MG3000 WG XL 37 X 80,ECO600 WGI XL 35 X 81,False
MG3000 WG XL 37 X 80,ECO600 WGI XL 38 X 81,False
MG3000 WG XL 37 X 80,ECO600 WGI XL 39 X 81 1/2,False
MG3000 WG XL 37 X 80,ECO600 WGI XR 38 1/2 X 81 1/2,False
MG3000 WG XL 37 X 80,ECO600 WGI XR 38 X 81,False
MG3000 WG XL 37 X 80,ECO600 WGI XL 38 1/2 X 81 1/2,False
MG350 WGI 26 1/4 X 25 3/4,MG300 WGI 26 1/4 X 25 3/4,False
MG3000 WG XL 37 X 80,MG3000 WGI XR 38 1/2 X 81 1/2,False
MG3000 WG XL 37 X 80,MG3000 WG XR 37 X 80,False
MG3000 WG XL 37 X 80,MG3000 WGI XL 35 X 81,False
MG3000 WG XL 37 X 80,MG3000 WGI XR 39 X 81 1/2,False
MG3000 WG XL 37 X 80,MG3000 WGI XR 35 X 81,False
MG3000 WG XL 37 X 80,MG3000 WGI XL 38 1/2 X 81 1/2,False
MG3000 WG XL 37 X 80,ECO600 WGI XR 35 X 81,False
MG3000 WG XL 37 X 80,ECO600 WGI XL 35 X 81,False
MG3000 WG XL 37 X 80,ECO600 WGI XL 38 X 81,False
MG3000 WG XL 37 X 80,ECO600 WGI XL 39 X 81 1/2,False
MG3000 WG XL 37 X 80,ECO600 WGI XR 38 1/2 X 81 1/2,False
MG3000 WG XL 37 X 80,ECO600 WGI XR 38 X 81,False
MG3000 WG XL 37 X 80,ECO600 WGI XL 38 1/2 X 81 1/2,False
MG350 WGI 26 1/4 X 25 3/4,MG300 WGI 26 1/4 X 25 3/4,False
MG3000 WG XL 37 X 80,MG3000 WGI XR 38 1/2 X 81 1/2,False
MG3000 WG XL 37 X 80,MG3000 WG XR 37 X 80,False
MG3000 WG XL 37 X 80,MG3000 WGI XL 35 X 81,False
MG3000 WG XL 37 X 80,MG3000 WGI XR 39 X 81 1/2,False
MG3000 WG XL 37 X 80,MG3000 WGI XR 35 X 81,False
MG3000 WG XL 37 X 80,MG3000 WGI XL 38 1/2 X 81 1/2,False
MG3000 WG XL 37 X 80,ECO600 WGI XR 35 X 81,False
MG3000 WG XL 37 X 80,ECO600 WGI XL 35 X 81,False
MG3000 WG XL 37 X 80,ECO600 WGI XL 38 X 81,False
MG3000 WG XL 37 X 80,ECO600 WGI XL 39 X 81 1/2,False
MG3000 WG XL 37 X 80,ECO600 WGI XR 38 1/2 X 81 1/2,False
MG3000 WG XL 37 X 80,ECO600 WGI XR 38 X 81,False
MG3000 WG XL 37 X 80,ECO600 WGI XL 38 1/2 X 81 1/2,False
MG350 WGI 26 1/4 X 25 3/4,MG300 WGI 26 1/4 X 25 3/4,False
MG3000 WG XL 37 X 80,MG3000 WGI XR 38 1/2 X 81 1/2,False
MG3000 WG XL 37 X 80,MG3000 WG XR 37 X 80,False
MG3000 WG XL 37 X 80,MG3000 WGI XL 35 X 81,False
MG3000 WG XL 37 X 80,MG3000 WGI XR 39 X 81 1/2,False
MG3000 WG XL 37 X 80,MG3000 WGI XR 35 X 81,False
MG3000 WG XL 37 X 80,MG3000 WGI XL 38 1/2 X 81 1/2,False
MG3000 WG XL 37 X 80,ECO600 WGI XR 35 X 81,False
MG3000 WG XL 37 X 80,ECO600 WGI XL 35 X 81,False
MG3000 WG XL 37 X 80,ECO600 WGI XL 38 X 81,False
MG3000 WG XL 37 X 80,ECO600 WGI XL 39 X 81 1/2,False
MG3000 WG XL 37 X 80,ECO600 WGI XR 38 1/2 X 81 1/2,False
MG3000 WG XL 37 X 80,ECO600 WGI XR 38 X 81,False
MG3000 WG XL 37 X 80,ECO600 WGI XL 38 1/2 X 81 1/2,False
MG350 WGI 26 1/4 X 25 3/4,MG300 WGI 26 1/4 X 25 3/4,False
MG3000 WG XL 37 X 80,MG3000 WGI XR 38 1/2 X 81 1/2,False
MG3000 WG XL 37 X 80,MG3000 WG XR 37 X 80,False
MG3000 WG XL 37 X 80,MG3000 WGI XL 35 X 81,False
MG3000 WG XL 37 X 80,MG3000 WGI XR 39 X 81 1/2,False
MG3000 WG XL 37 X 80,MG3000 WGI XR 35 X 81,False
MG3000 WG XL 37 X 80,MG3000 WGI XL 38 1/2 X 81 1/2,False
MG3000 WG XL 37 X 80,ECO600 WGI XR 35 X 81,False
MG3000 WG XL 37 X 80,ECO600 WGI XL 35 X 81,False
MG3000 WG XL 37 X 80,ECO600 WGI XL 38 X 81,False
MG3000 WG XL 37 X 80,ECO600 WGI XL 39 X 81 1/2,False
MG3000 WG XL 37 X 80,ECO600 WGI XR 38 1/2 X 81 1/2,False
MG3000 WG XL 37 X 80,ECO600 WGI XR 38 X 81,False
MG3000 WG XL 37 X 80,ECO600 WGI XL 38 1/2 X 81 1/2,False
MG350 WGI 26 1/4 X 25 3/4,MG300 WGI 26 1/4 X 25 3/4,False
MG3000 WG XL 37 X 80,MG3000 WGI XR 38 1/2 X 81 1/2,False
MG3000 WG XL 37 X 80,MG3000 WG XR 37 X 80,False
MG3000 WG XL 37 X 80,MG3000 WGI XL 35 X 81,False
MG3000 WG XL 37 X 80,MG3000 WGI XR 39 X 81 1/2,False
MG3000 WG XL 37 X 80,MG3000 WGI XR 35 X 81,False
MG3000 WG XL 37 X 80,MG3000 WGI XL 38 1/2 X 81 1/2,False
MG3000 WG XL 37 X 80,ECO600 WGI XR 35 X 81,False
MG3000 WG XL 37 X 80,ECO600 WGI XL 35 X 81,False
MG3000 WG XL 37 X 80,ECO600 WGI XL 38 X 81,False
MG3000 WG XL 37 X 80,ECO600 WGI XL 39 X 81 1/2,False
MG3000 WG XL 37 X 80,ECO600 WGI XR 38 1/2 X 81 1/2,False
MG3000 WG XL 37 X 80,ECO600 WGI XR 38 X 81,False
MG3000 WG XL 37 X 80,ECO600 WGI XL 38 1/2 X 81 1/2,False
MG350 WGI 26 1/4 X 25 3/4,MG300 WGI 26 1/4 X 25 3/4,False
MG3000 WG XL 37 X 80,MG3000 WGI XR 38 1/2 X 81 1/2,False
MG3000 WG XL 37 X 80,MG3000 WG XR 37 X 80,False
MG3000 WG XL 37 X 80,MG3000 WGI XL 35 X 81,False
MG3000 WG XL 37 X 80,MG3000 WGI XR 39 X 81 1/2,False
MG3000 WG XL 37 X 80,MG3000 WGI XR 35 X 81,False
MG3000 WG XL 37 X 80,MG3000 WGI XL 38 1/2 X 81 1/2,False
MG3000 WG XL 37 X 80,ECO600 WGI XR 35 X 81,False
MG3000 WG XL 37 X 80,ECO600 WGI XL 35 X 81,False
MG3000 WG XL 37 X 80,ECO600 WGI XL 38 X 81,False
MG3000 WG XL 37 X 80,ECO600 WGI XL 39 X 81 1/2,False
MG3000 WG XL 37 X 80,ECO600 WGI XR 38 1/2 X 81 1/2,False
MG3000 WG XL 37 X 80,ECO600 WGI XR 38 X 81,False
MG3000 WG XL 37 X 80,ECO600 WGI XL 38 1/2 X 81 1/2,False
MG350 WGI 26 1/4 X 25 3/4,MG300 WGI 26 1/4 X 25 3/4,False
MG3000 WG XL 37 X 80,MG3000 WGI XR 38 1/2 X 81 1/2,False
MG3000 WG XL 37 X 80,MG3000 WG XR 37 X 80,False
MG3000 WG XL 37 X 80,MG3000 WGI XL 35 X 81,False
MG3000 WG XL 37 X 80,MG3000 WGI XR 39 X 81 1/2,False
MG3000 WG XL 37 X 80,MG3000 WGI XR 35 X 81,False
MG3000 WG XL 37 X 80,MG3000 WGI XL 38 1/2 X 81 1/2,False
MG3000 WG XL 37 X 80,ECO600 WGI XR 35 X 81,False
MG3000 WG XL 37 X 80,ECO600 WGI XL 35 X 81,False
MG3000 WG XL 37 X 80,ECO600 WGI XL 38 X 81,False
MG3000 WG XL 37 X 80,ECO600 WGI XL 39 X 81 1/2,False
MG3000 WG XL 37 X 80,ECO600 WGI XR 38 1/2 X 81 1/2,False
MG3000 WG XL 37 X 80,ECO600 WGI XR 38 X 81,False
MG3000 WG XL 37 X 80,ECO600 WGI XL 38 1/2 X 81 1/2,False
MG350 WGI 26 1/4 X 25 3/4,MG300 WGI 26 1/4 X 25 3/4,False
MG3000 WG XL 37 X 80,MG3000 WGI XR 38 1/2 X 81 1/2,False
MG3000 WG XL 37 X 80,MG3000 WG XR 37 X 80,False
MG3000 WG XL 37 X 80,MG3000 WGI XL 35 X 81,False
MG3000 WG XL 37 X 80,MG3000 WGI XR 39 X 81 1/2,False
MG3000 WG XL 37 X 80,MG3000 WGI XR 35 X 81,False
MG3000 WG XL 37 X 80,MG3000 WGI XL 38 1/2 X 81 1/2,False
MG3000 WG XL 37 X 80,ECO600 WGI XR 35 X 81,False
MG3000 WG XL 37 X 80,ECO600 WGI XL 35 X 81,False
MG3000 WG XL 37 X 80,ECO600 WGI XL 38 X 81,False
MG3000 WG XL 37 X 80,ECO600 WGI XL 39 X 81 1/2,False
MG3000 WG XL 37 X 80,ECO600 WGI XR 38 1/2 X 81 1/2,False
MG3000 WG XL 37 X 80,ECO600 WGI XR 38 X 81,False
MG3000 WG XL 37 X 80,ECO600 WGI XL 38 1/2 X 81 1/2,False
MG350 WGI 26 1/4 X 25 3/4,MG300 WGI 26 1/4 X 25 3/4,False
MG3000 WG XL 37 X 80,MG3000 WGI XR 38 1/2 X 81 1/2,False
MG3000 WG XL 37 X 80,MG3000 WG XR 37 X 80,False
MG3000 WG XL 37 X 80,MG3000 WGI XL 35 X 81,False
MG3000 WG XL 37 X 80,MG3000 WGI XR 39 X 81 1/2,False
MG3000 WG XL 37 X 80,MG3000 WGI XR 35 X 81,False
MG3000 WG XL 37 X 80,MG3000 WGI XL 38 1/2 X 81 1/2,False
MG3000 WG XL 37 X 80,ECO600 WGI XR 35 X 81,False
MG3000 WG XL 37 X 80,ECO600 WGI XL 35 X 81,False
MG3000 WG XL 37 X 80,ECO600 WGI XL 38 X 81,False
MG3000 WG XL 37 X 80,ECO600 WGI XL 39 X 81 1/2,False
MG3000 WG XL 37 X 80,ECO600 WGI XR 38 1/2 X 81 1/2,False
MG3000 WG XL 37 X 80,ECO600 WGI XR 38 X 81,False
MG3000 WG XL 37 X 80,ECO600 WGI XL 38 1/2 X 81 1/2,False
MG350 WGI 26 1/4 X 25 3/4,MG300 WGI 26 1/4 X 25 3/4,False
MG3000 WG XL 37 X 80,MG3000 WGI XR 38 1/2 X 81 1/2,False
MG3000 WG XL 37 X 80,MG3000 WG XR 37 X 80,False
MG3000 WG XL 37 X 80,MG3000 WGI XL 35 X 81,False
MG3000 WG XL 37 X 80,MG3000 WGI XR 39 X 81 1/2,False
MG3000 WG XL 37 X 80,MG3000 WGI XR 35 X 81,False
MG3000 WG XL 37 X 80,MG3000 WGI XL 38 1/2 X 81 1/2,False
MG3000 WG XL 37 X 80,ECO600 WGI XR 35 X 81,False
MG3000 WG XL 37 X 80,ECO600 WGI XL 35 X 81,False
MG3000 WG XL 37 X 80,ECO600 WGI XL 38 X 81,False
MG3000 WG XL 37 X 80,ECO600 WGI XL 39 X 81 1/2,False
MG3000 WG XL 37 X 80,ECO600 WGI XR 38 1/2 X 81 1/2,False
MG3000 WG XL 37 X 80,ECO600 WGI XR 38 X 81,False
MG3000 WG XL 37 X 80,ECO600 WGI XL 38 1/2 X 81 1/2,False
MG350 WGI 26 1/4 X 25 3/4,MG300 WGI 26 1/4 X 25 3/4,False
MG3000 WG XL 37 X 80,MG3000 WGI XR 38 1/2 X 81 1/2,False
MG3000 WG XL 37 X 80,MG3000 WG XR 37 X 80,False
MG3000 WG XL 37 X 80,MG3000 WGI XL 35 X 81,False
MG3000 WG XL 37 X 80,MG3000 WGI XR 39 X 81 1/2,False
MG3000 WG XL 37 X 80,MG3000 WGI XR 35 X 81,False
MG3000 WG XL 37 X 80,MG3000 WGI XL 38 1/2 X 81 1/2,False
MG3000 WG XL 37 X 80,ECO600 WGI XR 35 X 81,False
MG3000 WG XL 37 X 80,ECO600 WGI XL 35 X 81,False
MG3000 WG XL 37 X 80,ECO600 WGI XL 38 X 81,False
MG3000 WG XL 37 X 80,ECO600 WGI XL 39 X 81 1/2,False
MG3000 WG XL 37 X 80,ECO600 WGI XR 38 1/2 X 81 1/2,False
MG3000 WG XL 37 X 80,ECO600 WGI XR 38 X 81,False
MG3000 WG XL 37 X 80,ECO600 WGI XL 38 1/2 X 81 1/2,False
MG350 WGI 26 1/4 X 25 3/4,MG300 WGI 26 1/4 X 25 3/4,False
MG350 WGI 26 1/4 X 25 3/4,MG300 WGI 26 1/4 X 25 3/4,False
MG3000 WGI XR 35 X 81,MG3000 WGI XR 33 X 81,False
MG3000 WGI XR 35 X 81,MG3000 WG XR 37 X 80,False
MG3000 WGI XR 35 X 81,ECO600 WGI XL 33 X 81,False
MG3000 WGI XR 35 X 81,ECO600 WGI XL 35 X 81,False
MG3000 WGI XR 35 X 81,ECO600 WGI XL 38 X 81,False
MG3000 WGI XR 35 X 81,ECO600 WGI XR 33 X 81,False
MG3000 WGI XR 35 X 81,ECO600 WGI XR 35 X 81,False
MG3000 WGI XR 35 X 81,ECO600 WGI XR 38 X 81,False
MG3000 WG XL 37 X 80,MG3000 WGI XR 35 X 81,False
MG3000 WG XL 37 X 80,MG3000 WG XR 37 X 80,False
MG3000 WG XL 37 X 80,MG3000 WGI XL 38 1/2 X 81 1/2,False
MG3000 WG XL 37 X 80,MG3000 WGI XR 38 1/2 X 81 1/2,False
MG3000 WG XL 37 X 80,MG3000 WGI XR 39 X 81 1/2,False
MG3000 WG XL 37 X 80,ECO600 WGI XL 35 X 81,False
MG3000 WG XL 37 X 80,ECO600 WGI XL 38 1/2 X 81 1/2,False
MG3000 WG XL 37 X 80,ECO600 WGI XL 38 X 81,False
MG3000 WG XL 37 X 80,ECO600 WGI XL 39 X 81 1/2,False
MG3000 WG XL 37 X 80,ECO600 WGI XR 35 X 81,False
MG3000 WG XL 37 X 80,ECO600 WGI XR 38 1/2 X 81 1/2,False
MG3000 WG XL 37 X 80,ECO600 WGI XR 38 X 81,False
ECO60 BG 52 7/8 X 50 3/8,ECO200 BG 52 7/8 X 50 3/8,False
ECO60 BG 52 7/8 X 50 3/8,MG300 BG 52 7/8 X 50 3/8,False
ECO60 BG 52 7/8 X 50 3/8,MG350 BG 52 7/8 X 50 3/8,False
MG3000 WG 37.0 X 80.0,MG3000 WGI XR 35 X 81,False
MG3000 WG 37.0 X 80.0,MG3000 WG XR 37 X 80,False
MG3000 WG 37.0 X 80.0,MG3000 WGI XL 38 1/2 X 81 1/2,False
MG3000 WG 37.0 X 80.0,MG3000 WGI XR 38 1/2 X 81 1/2,False
MG3000 WG 37.0 X 80.0,MG3000 WGI XR 39 X 81 1/2,False
MG3000 WG 37.0 X 80.0,ECO600 WGI XL 35 X 81,False
MG3000 WG 37.0 X 80.0,ECO600 WGI XL 38 1/2 X 81 1/2,False
MG3000 WG 37.0 X 80.0,ECO600 WGI XL 38 X 81,False
MG3000 WG 37.0 X 80.0,ECO600 WGI XL 39 X 81 1/2,False
MG3000 WG 37.0 X 80.0,ECO600 WGI XR 35 X 81,False
MG3000 WG 37.0 X 80.0,ECO600 WGI XR 38 1/2 X 81 1/2,False
MG3000 WG 37.0 X 80.0,ECO600 WGI XR 38 X 81,False
MG3000 WG 72.0 X 80.0,MG3000 WG XXL 71 3/4 X 79 3/4,False
MG3000 WG 72.0 X 80.0,MG3000 WG XXR 71 3/4 X 79 3/4,False
MG3000 WG 72.0 X 80.0,MG3000 WGI XXL 72 X 80,False
MG3000 WG 72.0 X 80.0,MG3000 WGI XXR 72 X 80,False
MG3000 WG 72.0 X 80.0,MG3000 WGI XXL 75 X 81,False
MG3000 WG 72.0 X 80.0,ECO600 WG XXL 71 3/4 X 79 3/4,False
MG3000 WG 72.0 X 80.0,ECO600 WGI XXL 72 X 80,False
MG3000 WG 72.0 X 80.0,ECO600 WGI XXR 72 X 80,False
MG3000 WG 72.0 X 80.0,ES-MX3000 WG XX 72 X 80,False
MG3000 WG 72.0 X 80.0,MG3000 WG XXL 71 3/4 X 79 3/4,False
MG3000 WG 72.0 X 80.0,MG3000 WG XXR 71 3/4 X 79 3/4,False
MG3000 WG 72.0 X 80.0,MG3000 WGI XXL 72 X 80,False
MG3000 WG 72.0 X 80.0,MG3000 WGI XXR 72 X 80,False
MG3000 WG 72.0 X 80.0,MG3000 WGI XXL 75 X 81,False
MG3000 WG 72.0 X 80.0,ECO600 WG XXL 71 3/4 X 79 3/4,False
MG3000 WG 72.0 X 80.0,ECO600 WGI XXL 72 X 80,False
MG3000 WG 72.0 X 80.0,ECO600 WGI XXR 72 X 80,False
MG3000 WG 72.0 X 80.0,ES-MX3000 WG XX 72 X 80,False
MG3000 WGI 38.0 X 81.0,MG3000 WGI XR 35 X 81,False
MG3000 WGI 38.0 X 81.0,MG3000 WG XR 37 X 80,False
MG3000 WGI 38.0 X 81.0,MG3000 WGI XL 38 1/2 X 81 1/2,False
MG3000 WGI 38.0 X 81.0,MG3000 WGI XR 38 1/2 X 81 1/2,False
MG3000 WGI 38.0 X 81.0,MG3000 WGI XR 39 X 81 1/2,False
MG3000 WGI 38.0 X 81.0,ECO600 WGI XL 35 X 81,False
MG3000 WGI 38.0 X 81.0,ECO600 WGI XL 38 1/2 X 81 1/2,False
MG3000 WGI 38.0 X 81.0,ECO600 WGI XL 38 X 81,False
MG3000 WGI 38.0 X 81.0,ECO600 WGI XL 39 X 81 1/2,False
MG3000 WGI 38.0 X 81.0,ECO600 WGI XR 35 X 81,False
MG3000 WGI 38.0 X 81.0,ECO600 WGI XR 38 1/2 X 81 1/2,False
MG3000 WGI 38.0 X 81.0,ECO600 WGI XR 38 X 81,False
MG350 WGI 37.0 X 38.0,MG600 WG 36 3/4 X 38 1/8,False
MG350 WGI 37.0 X 38.0,MG300 WG 36 3/4 X 38 1/8,False
MG350 WGI 37.0 X 38.0,MG300 WGI 36 3/4 X 38 1/8,False
MG350 WGI 37.0 X 38.0,MG350 WGI 36 3/4 X 38 1/8,False
MG350 WGI 37.0 X 38.0,MG200 WG 36 3/4 X 38 1/8,False
MG350 WGI 37.0 X 38.0,ECO60 WGI 36 3/4 X 38 1/8,False
MG350 WG 52.0 X 50.0,MG300 WG 52 7/8 X 50 3/8,False
MG350 WG 52.0 X 50.0,MG350 WG 52 7/8 X 50 3/8,False
MG1500 BG XX 71 3/4 X 79 3/4,MG3000 BG XXR 71 3/4 X 79 3/4,False
MG1500 BG XX 71 3/4 X 79 3/4,MG3000 BGI XXL 72 X 80,False
MG1500 BG XX 71 3/4 X 79 3/4,MG3000 BGI XXR 72 X 80,False
MG1500 BG XX 71 3/4 X 79 3/4,MG1500 BC XO 72 X 80,False
MG1500 BG XX 71 3/4 X 79 3/4,ECO600 BG XXL 71 3/4 X 79 3/4,False
MG1500 BG XX 71 3/4 X 79 3/4,ECO600 BGI XXL 72 X 80,False
MG1500 BG XX 71 3/4 X 79 3/4,ECO600 BG XXR 71 3/4 X 79 3/4,False
MG1500 BG XX 71 3/4 X 79 3/4,ECO600 BGI XXR 72 X 80,False
MG1500 BG XX 71 3/4 X 79 3/4,ECO700 BG 71 3/4 X 79 3/4,False
MG3000 WGI XXR 63 X 81,MG3000 WGI XXL 63 X 81,False
MG3000 WGI XXR 63 X 81,ECO600 WGI XXL 63 X 81,False
MG3000 WGI XXR 63 X 81,ECO600 WGI XXR 63 X 81,False
MG350 WGI 36 3/4 X 25 3/4,MG300 WGI 36 3/4 X 25 3/4,False
